SF-A-022;Sensirion;RMSE;MAE
8.38;-8.0286;142.95987367494203;112.76859188765086
8.34;-8.0;142.95987367494203;112.76859188765086
8.28;-7.9429;142.95987367494203;112.76859188765086
8.27;-7.8571;142.95987367494203;112.76859188765086
8.21;-7.8857;142.95987367494203;112.76859188765086
8.16;-7.8571;142.95987367494203;112.76859188765086
8.11;-7.7714;142.95987367494203;112.76859188765086
8.08;-7.7429;142.95987367494203;112.76859188765086
8.03;-7.6857;142.95987367494203;112.76859188765086
7.98;-7.6286;142.95987367494203;112.76859188765086
7.95;-7.6;142.95987367494203;112.76859188765086
7.92;-7.5429;142.95987367494203;112.76859188765086
7.88;-7.5429;142.95987367494203;112.76859188765086
7.86;-7.5143;142.95987367494203;112.76859188765086
7.83;-7.4857;142.95987367494203;112.76859188765086
7.81;-7.4857;142.95987367494203;112.76859188765086
7.78;-7.4571;142.95987367494203;112.76859188765086
7.76;-7.3714;142.95987367494203;112.76859188765086
7.71;-7.3714;142.95987367494203;112.76859188765086
7.69;-7.3714;142.95987367494203;112.76859188765086
7.68;-7.3714;142.95987367494203;112.76859188765086
7.66;-7.3714;142.95987367494203;112.76859188765086
7.65;-7.3429;142.95987367494203;112.76859188765086
7.62;-7.3143;142.95987367494203;112.76859188765086
7.61;-7.2857;142.95987367494203;112.76859188765086
7.64;-7.3714;142.95987367494203;112.76859188765086
7.67;-7.3143;142.95987367494203;112.76859188765086
7.68;-7.3714;142.95987367494203;112.76859188765086
7.72;-7.4;142.95987367494203;112.76859188765086
7.79;-7.4571;142.95987367494203;112.76859188765086
7.86;-7.5143;142.95987367494203;112.76859188765086
7.97;-7.6857;142.95987367494203;112.76859188765086
8.09;-7.7714;142.95987367494203;112.76859188765086
8.22;-7.9429;142.95987367494203;112.76859188765086
8.35;-8.0571;142.95987367494203;112.76859188765086
8.53;-8.2;142.95987367494203;112.76859188765086
8.74;-8.3714;142.95987367494203;112.76859188765086
8.95;-8.6;142.95987367494203;112.76859188765086
9.21;-8.8;142.95987367494203;112.76859188765086
9.44;-9.0857;142.95987367494203;112.76859188765086
9.7;-9.3429;142.95987367494203;112.76859188765086
10.01;-9.6286;142.95987367494203;112.76859188765086
10.31;-9.9429;142.95987367494203;112.76859188765086
10.68;-10.2857;142.95987367494203;112.76859188765086
11.06;-10.6286;142.95987367494203;112.76859188765086
11.45;-11.0286;142.95987367494203;112.76859188765086
11.9;-11.4286;142.95987367494203;112.76859188765086
12.32;-11.8286;142.95987367494203;112.76859188765086
12.79;-12.2857;142.95987367494203;112.76859188765086
13.24;-12.6857;142.95987367494203;112.76859188765086
13.74;-13.2571;142.95987367494203;112.76859188765086
14.22;-13.6857;142.95987367494203;112.76859188765086
14.76;-14.2286;142.95987367494203;112.76859188765086
15.3;-14.8;142.95987367494203;112.76859188765086
15.87;-15.3714;142.95987367494203;112.76859188765086
16.47;-15.9143;142.95987367494203;112.76859188765086
17.1;-16.5714;142.95987367494203;112.76859188765086
17.77;-17.0857;142.95987367494203;112.76859188765086
18.47;-17.7143;142.95987367494203;112.76859188765086
19.14;-18.4286;142.95987367494203;112.76859188765086
19.85;-19.0857;142.95987367494203;112.76859188765086
20.54;-19.7143;142.95987367494203;112.76859188765086
21.33;-20.4571;142.95987367494203;112.76859188765086
22.12;-21.2;142.95987367494203;112.76859188765086
22.85;-21.8;142.95987367494203;112.76859188765086
23.61;-22.5429;142.95987367494203;112.76859188765086
24.39;-23.1714;142.95987367494203;112.76859188765086
25.16;-23.9714;142.95987367494203;112.76859188765086
25.85;-24.6286;142.95987367494203;112.76859188765086
26.69;-25.4;142.95987367494203;112.76859188765086
27.39;-26.0;142.95987367494203;112.76859188765086
28.15;-26.6286;142.95987367494203;112.76859188765086
28.87;-27.4286;142.95987367494203;112.76859188765086
29.62;-28.1429;142.95987367494203;112.76859188765086
30.37;-28.9429;142.95987367494203;112.76859188765086
31.05;-29.4571;142.95987367494203;112.76859188765086
31.82;-30.2571;142.95987367494203;112.76859188765086
32.52;-31.0;142.95987367494203;112.76859188765086
33.2;-31.7143;142.95987367494203;112.76859188765086
33.98;-32.4;142.95987367494203;112.76859188765086
34.72;-33.1714;142.95987367494203;112.76859188765086
35.52;-33.8571;142.95987367494203;112.76859188765086
36.34;-34.5714;142.95987367494203;112.76859188765086
37.14;-35.4;142.95987367494203;112.76859188765086
37.92;-36.0;142.95987367494203;112.76859188765086
38.6;-36.8286;142.95987367494203;112.76859188765086
39.17;-37.6286;142.95987367494203;112.76859188765086
40.04;-38.2;142.95987367494203;112.76859188765086
40.82;-39.0571;142.95987367494203;112.76859188765086
41.57;-39.8857;142.95987367494203;112.76859188765086
42.34;-40.6286;142.95987367494203;112.76859188765086
42.92;-40.9714;142.95987367494203;112.76859188765086
43.56;-42.0571;142.95987367494203;112.76859188765086
44.47;-42.2857;142.95987367494203;112.76859188765086
45.18;-43.4286;142.95987367494203;112.76859188765086
45.99;-43.9714;142.95987367494203;112.76859188765086
46.76;-44.8857;142.95987367494203;112.76859188765086
47.56;-45.6571;142.95987367494203;112.76859188765086
48.22;-46.5714;142.95987367494203;112.76859188765086
48.98;-46.9714;142.95987367494203;112.76859188765086
49.8;-47.9714;142.95987367494203;112.76859188765086
50.54;-48.6;142.95987367494203;112.76859188765086
51.27;-49.5143;142.95987367494203;112.76859188765086
51.73;-49.7429;142.95987367494203;112.76859188765086
52.46;-50.5143;142.95987367494203;112.76859188765086
53.09;-51.3429;142.95987367494203;112.76859188765086
53.56;-51.8571;142.95987367494203;112.76859188765086
54.33;-52.2857;142.95987367494203;112.76859188765086
54.93;-52.6857;142.95987367494203;112.76859188765086
55.34;-53.6857;142.95987367494203;112.76859188765086
56.21;-54.1714;142.95987367494203;112.76859188765086
57.04;-55.0857;142.95987367494203;112.76859188765086
57.8;-55.5714;142.95987367494203;112.76859188765086
58.57;-56.0;142.95987367494203;112.76859188765086
59.18;-56.9714;142.95987367494203;112.76859188765086
59.89;-57.3429;142.95987367494203;112.76859188765086
60.44;-58.1429;142.95987367494203;112.76859188765086
60.8;-58.7429;142.95987367494203;112.76859188765086
61.56;-59.7143;142.95987367494203;112.76859188765086
62.21;-59.9714;142.95987367494203;112.76859188765086
62.93;-60.0571;142.95987367494203;112.76859188765086
63.55;-61.0571;142.95987367494203;112.76859188765086
64.25;-61.8571;142.95987367494203;112.76859188765086
64.8;-62.4571;142.95987367494203;112.76859188765086
65.33;-63.1429;142.95987367494203;112.76859188765086
65.68;-63.5143;142.95987367494203;112.76859188765086
66.39;-64.0286;142.95987367494203;112.76859188765086
67.34;-64.6857;142.95987367494203;112.76859188765086
68.13;-65.2286;142.95987367494203;112.76859188765086
68.8;-65.8286;142.95987367494203;112.76859188765086
69.28;-66.7714;142.95987367494203;112.76859188765086
69.91;-67.5714;142.95987367494203;112.76859188765086
70.43;-67.7143;142.95987367494203;112.76859188765086
71.19;-68.3143;142.95987367494203;112.76859188765086
71.84;-68.9714;142.95987367494203;112.76859188765086
72.37;-69.4571;142.95987367494203;112.76859188765086
72.88;-70.1143;142.95987367494203;112.76859188765086
73.42;-70.6286;142.95987367494203;112.76859188765086
73.87;-71.0571;142.95987367494203;112.76859188765086
74.62;-71.5143;142.95987367494203;112.76859188765086
75.21;-72.3143;142.95987367494203;112.76859188765086
75.68;-73.2857;142.95987367494203;112.76859188765086
76.3;-73.7143;142.95987367494203;112.76859188765086
76.76;-73.6286;142.95987367494203;112.76859188765086
77.52;-74.3143;142.95987367494203;112.76859188765086
78.12;-75.2571;142.95987367494203;112.76859188765086
78.56;-76.0857;142.95987367494203;112.76859188765086
79.28;-75.9714;142.95987367494203;112.76859188765086
79.66;-76.3714;142.95987367494203;112.76859188765086
79.83;-77.2857;142.95987367494203;112.76859188765086
80.84;-77.8857;142.95987367494203;112.76859188765086
81.38;-78.4571;142.95987367494203;112.76859188765086
81.92;-78.6571;142.95987367494203;112.76859188765086
82.69;-79.1429;142.95987367494203;112.76859188765086
83.23;-80.7429;142.95987367494203;112.76859188765086
83.31;-81.8571;142.95987367494203;112.76859188765086
84.17;-81.5429;142.95987367494203;112.76859188765086
84.64;-81.5714;142.95987367494203;112.76859188765086
85.01;-82.2286;142.95987367494203;112.76859188765086
85.8;-82.7714;142.95987367494203;112.76859188765086
86.39;-83.4;142.95987367494203;112.76859188765086
86.56;-85.1429;142.95987367494203;112.76859188765086
87.07;-85.3143;142.95987367494203;112.76859188765086
88.16;-85.4857;142.95987367494203;112.76859188765086
88.65;-85.5429;142.95987367494203;112.76859188765086
88.8;-86.1143;142.95987367494203;112.76859188765086
89.7;-86.2;142.95987367494203;112.76859188765086
90.08;-86.9429;142.95987367494203;112.76859188765086
90.48;-87.4;142.95987367494203;112.76859188765086
90.57;-87.9143;142.95987367494203;112.76859188765086
91.2;-88.4;142.95987367494203;112.76859188765086
91.8;-88.4286;142.95987367494203;112.76859188765086
91.97;-88.8286;142.95987367494203;112.76859188765086
92.45;-89.2286;142.95987367494203;112.76859188765086
93.31;-89.5714;142.95987367494203;112.76859188765086
93.79;-90.0;142.95987367494203;112.76859188765086
94.17;-90.0286;142.95987367494203;112.76859188765086
94.63;-90.8286;142.95987367494203;112.76859188765086
95.12;-90.8857;142.95987367494203;112.76859188765086
95.7;-92.0571;142.95987367494203;112.76859188765086
95.96;-92.4571;142.95987367494203;112.76859188765086
96.49;-92.7714;142.95987367494203;112.76859188765086
96.87;-92.7714;142.95987367494203;112.76859188765086
97.71;-93.0286;142.95987367494203;112.76859188765086
97.86;-94.2571;142.95987367494203;112.76859188765086
98.41;-94.4571;142.95987367494203;112.76859188765086
98.57;-94.6857;142.95987367494203;112.76859188765086
98.72;-94.1714;142.95987367494203;112.76859188765086
99.2;-94.1429;142.95987367494203;112.76859188765086
100.09;-94.0857;142.95987367494203;112.76859188765086
100.4;-95.6;142.95987367494203;112.76859188765086
100.51;-96.4857;142.95987367494203;112.76859188765086
101.22;-96.7143;142.95987367494203;112.76859188765086
100.94;-97.0;142.95987367494203;112.76859188765086
101.66;-96.3429;142.95987367494203;112.76859188765086
102.01;-96.9143;142.95987367494203;112.76859188765086
102.59;-97.7143;142.95987367494203;112.76859188765086
103.25;-97.9429;142.95987367494203;112.76859188765086
104.17;-98.5143;142.95987367494203;112.76859188765086
104.2;-99.9143;142.95987367494203;112.76859188765086
104.69;-100.1143;142.95987367494203;112.76859188765086
104.97;-100.0857;142.95987367494203;112.76859188765086
105.69;-100.7714;142.95987367494203;112.76859188765086
105.99;-101.4571;142.95987367494203;112.76859188765086
106.25;-102.2571;142.95987367494203;112.76859188765086
106.9;-101.9429;142.95987367494203;112.76859188765086
107.49;-102.5143;142.95987367494203;112.76859188765086
107.87;-102.6571;142.95987367494203;112.76859188765086
108.14;-103.1429;142.95987367494203;112.76859188765086
108.68;-103.0571;142.95987367494203;112.76859188765086
109.13;-104.4571;142.95987367494203;112.76859188765086
109.65;-104.8571;142.95987367494203;112.76859188765086
110.04;-104.6571;142.95987367494203;112.76859188765086
109.91;-104.8571;142.95987367494203;112.76859188765086
110.3;-105.6;142.95987367494203;112.76859188765086
111.13;-105.0;142.95987367494203;112.76859188765086
110.99;-106.5714;142.95987367494203;112.76859188765086
110.72;-106.4571;142.95987367494203;112.76859188765086
111.5;-105.9714;142.95987367494203;112.76859188765086
111.71;-106.2286;142.95987367494203;112.76859188765086
112.14;-107.6857;142.95987367494203;112.76859188765086
112.93;-107.5143;142.95987367494203;112.76859188765086
113.22;-107.8857;142.95987367494203;112.76859188765086
113.66;-107.5143;142.95987367494203;112.76859188765086
114.01;-107.6286;142.95987367494203;112.76859188765086
114.26;-108.8;142.95987367494203;112.76859188765086
114.5;-108.8286;142.95987367494203;112.76859188765086
114.67;-109.7143;142.95987367494203;112.76859188765086
115.34;-110.1714;142.95987367494203;112.76859188765086
116.07;-110.6286;142.95987367494203;112.76859188765086
116.66;-111.5143;142.95987367494203;112.76859188765086
116.88;-110.8571;142.95987367494203;112.76859188765086
117.32;-111.8;142.95987367494203;112.76859188765086
117.26;-111.6571;142.95987367494203;112.76859188765086
117.7;-110.6857;142.95987367494203;112.76859188765086
117.98;-112.2857;142.95987367494203;112.76859188765086
118.49;-113.6857;142.95987367494203;112.76859188765086
118.64;-113.9714;142.95987367494203;112.76859188765086
118.85;-113.6;142.95987367494203;112.76859188765086
118.72;-114.2;142.95987367494203;112.76859188765086
118.99;-114.8286;142.95987367494203;112.76859188765086
119.74;-113.8286;142.95987367494203;112.76859188765086
120.34;-114.0857;142.95987367494203;112.76859188765086
120.38;-115.1429;142.95987367494203;112.76859188765086
120.96;-115.4286;142.95987367494203;112.76859188765086
121.67;-114.9714;142.95987367494203;112.76859188765086
122.01;-115.8286;142.95987367494203;112.76859188765086
122.26;-115.2286;142.95987367494203;112.76859188765086
122.81;-117.2;142.95987367494203;112.76859188765086
122.76;-117.2571;142.95987367494203;112.76859188765086
123.07;-117.1714;142.95987367494203;112.76859188765086
123.36;-118.5429;142.95987367494203;112.76859188765086
123.3;-118.0286;142.95987367494203;112.76859188765086
123.66;-117.8;142.95987367494203;112.76859188765086
123.51;-118.8;142.95987367494203;112.76859188765086
123.71;-118.3429;142.95987367494203;112.76859188765086
124.7;-119.0571;142.95987367494203;112.76859188765086
125.11;-119.2857;142.95987367494203;112.76859188765086
125.39;-120.3714;142.95987367494203;112.76859188765086
124.9;-119.4571;142.95987367494203;112.76859188765086
125.54;-120.1714;142.95987367494203;112.76859188765086
126.16;-119.2857;142.95987367494203;112.76859188765086
126.57;-121.5429;142.95987367494203;112.76859188765086
127.0;-121.1143;142.95987367494203;112.76859188765086
126.57;-121.3143;142.95987367494203;112.76859188765086
126.92;-122.2571;142.95987367494203;112.76859188765086
127.59;-120.8857;142.95987367494203;112.76859188765086
127.97;-121.5429;142.95987367494203;112.76859188765086
128.12;-121.7143;142.95987367494203;112.76859188765086
128.1;-121.9143;142.95987367494203;112.76859188765086
127.94;-122.5143;142.95987367494203;112.76859188765086
128.32;-122.8857;142.95987367494203;112.76859188765086
128.41;-123.6286;142.95987367494203;112.76859188765086
128.59;-123.2571;142.95987367494203;112.76859188765086
128.91;-122.6286;142.95987367494203;112.76859188765086
129.16;-123.5429;142.95987367494203;112.76859188765086
129.28;-124.2;142.95987367494203;112.76859188765086
129.9;-125.0286;142.95987367494203;112.76859188765086
130.38;-124.6;142.95987367494203;112.76859188765086
130.56;-125.0;142.95987367494203;112.76859188765086
130.17;-125.2;142.95987367494203;112.76859188765086
129.65;-125.9714;142.95987367494203;112.76859188765086
130.54;-124.8286;142.95987367494203;112.76859188765086
130.78;-125.5714;142.95987367494203;112.76859188765086
130.88;-125.1714;142.95987367494203;112.76859188765086
131.02;-125.4571;142.95987367494203;112.76859188765086
131.83;-125.8;142.95987367494203;112.76859188765086
132.42;-126.3143;142.95987367494203;112.76859188765086
132.79;-126.8571;142.95987367494203;112.76859188765086
133.24;-128.2286;142.95987367494203;112.76859188765086
132.91;-127.8286;142.95987367494203;112.76859188765086
133.55;-127.4571;142.95987367494203;112.76859188765086
133.89;-127.2286;142.95987367494203;112.76859188765086
133.19;-128.2;142.95987367494203;112.76859188765086
133.28;-126.6857;142.95987367494203;112.76859188765086
133.75;-127.5714;142.95987367494203;112.76859188765086
134.18;-128.0286;142.95987367494203;112.76859188765086
134.0;-129.6;142.95987367494203;112.76859188765086
134.27;-130.4;142.95987367494203;112.76859188765086
134.74;-130.0;142.95987367494203;112.76859188765086
134.84;-128.8857;142.95987367494203;112.76859188765086
135.02;-129.8286;142.95987367494203;112.76859188765086
135.39;-129.9714;142.95987367494203;112.76859188765086
135.69;-128.7714;142.95987367494203;112.76859188765086
135.78;-130.3714;142.95987367494203;112.76859188765086
136.0;-130.0571;142.95987367494203;112.76859188765086
135.5;-130.6857;142.95987367494203;112.76859188765086
135.72;-129.7429;142.95987367494203;112.76859188765086
136.11;-130.2286;142.95987367494203;112.76859188765086
136.59;-130.5143;142.95987367494203;112.76859188765086
137.05;-129.4;142.95987367494203;112.76859188765086
137.0;-131.0;142.95987367494203;112.76859188765086
137.44;-131.0;142.95987367494203;112.76859188765086
138.32;-130.9143;142.95987367494203;112.76859188765086
138.36;-131.6;142.95987367494203;112.76859188765086
138.36;-132.0571;142.95987367494203;112.76859188765086
137.93;-132.6286;142.95987367494203;112.76859188765086
137.67;-132.4;142.95987367494203;112.76859188765086
137.93;-132.0286;142.95987367494203;112.76859188765086
137.97;-131.0;142.95987367494203;112.76859188765086
138.9;-130.3143;142.95987367494203;112.76859188765086
138.84;-132.2571;142.95987367494203;112.76859188765086
138.98;-132.0571;142.95987367494203;112.76859188765086
139.67;-131.8286;142.95987367494203;112.76859188765086
140.17;-132.3143;142.95987367494203;112.76859188765086
140.62;-132.6286;142.95987367494203;112.76859188765086
140.71;-133.2857;142.95987367494203;112.76859188765086
140.43;-133.2;142.95987367494203;112.76859188765086
140.88;-134.5429;142.95987367494203;112.76859188765086
140.75;-135.3429;142.95987367494203;112.76859188765086
141.03;-134.7429;142.95987367494203;112.76859188765086
141.51;-134.8;142.95987367494203;112.76859188765086
141.74;-134.7143;142.95987367494203;112.76859188765086
141.15;-135.8571;142.95987367494203;112.76859188765086
141.39;-135.8857;142.95987367494203;112.76859188765086
141.47;-135.5143;142.95987367494203;112.76859188765086
141.62;-136.0286;142.95987367494203;112.76859188765086
142.27;-136.0571;142.95987367494203;112.76859188765086
143.05;-136.4;142.95987367494203;112.76859188765086
143.1;-135.9143;142.95987367494203;112.76859188765086
142.69;-135.7143;142.95987367494203;112.76859188765086
142.92;-134.7429;142.95987367494203;112.76859188765086
143.32;-136.4;142.95987367494203;112.76859188765086
143.23;-135.9714;142.95987367494203;112.76859188765086
143.08;-136.3714;142.95987367494203;112.76859188765086
143.22;-136.9429;142.95987367494203;112.76859188765086
143.51;-136.2857;142.95987367494203;112.76859188765086
143.69;-137.3714;142.95987367494203;112.76859188765086
143.72;-138.2286;142.95987367494203;112.76859188765086
143.75;-137.7714;142.95987367494203;112.76859188765086
143.41;-137.5714;142.95987367494203;112.76859188765086
143.87;-137.4857;142.95987367494203;112.76859188765086
144.62;-138.3429;142.95987367494203;112.76859188765086
145.05;-137.3429;142.95987367494203;112.76859188765086
145.13;-138.8;142.95987367494203;112.76859188765086
145.48;-138.3714;142.95987367494203;112.76859188765086
144.86;-139.3714;142.95987367494203;112.76859188765086
144.61;-139.7143;142.95987367494203;112.76859188765086
144.76;-139.3429;142.95987367494203;112.76859188765086
144.98;-138.4286;142.95987367494203;112.76859188765086
144.83;-138.1429;142.95987367494203;112.76859188765086
145.22;-138.2286;142.95987367494203;112.76859188765086
145.38;-138.5429;142.95987367494203;112.76859188765086
146.51;-138.7429;142.95987367494203;112.76859188765086
146.64;-140.3714;142.95987367494203;112.76859188765086
146.3;-140.9429;142.95987367494203;112.76859188765086
146.63;-141.0286;142.95987367494203;112.76859188765086
147.79;-141.1143;142.95987367494203;112.76859188765086
147.87;-141.5429;142.95987367494203;112.76859188765086
146.85;-142.1429;142.95987367494203;112.76859188765086
147.36;-140.5429;142.95987367494203;112.76859188765086
147.66;-140.3714;142.95987367494203;112.76859188765086
147.36;-142.1714;142.95987367494203;112.76859188765086
148.13;-142.0857;142.95987367494203;112.76859188765086
148.24;-142.1714;142.95987367494203;112.76859188765086
148.29;-143.0286;142.95987367494203;112.76859188765086
148.98;-143.3714;142.95987367494203;112.76859188765086
149.02;-143.9429;142.95987367494203;112.76859188765086
148.67;-143.0857;142.95987367494203;112.76859188765086
148.98;-142.8571;142.95987367494203;112.76859188765086
149.43;-142.5429;142.95987367494203;112.76859188765086
149.63;-143.4571;142.95987367494203;112.76859188765086
150.12;-142.6286;142.95987367494203;112.76859188765086
150.61;-144.5429;142.95987367494203;112.76859188765086
150.81;-143.6857;142.95987367494203;112.76859188765086
150.32;-144.9143;142.95987367494203;112.76859188765086
150.22;-144.2571;142.95987367494203;112.76859188765086
150.5;-143.2286;142.95987367494203;112.76859188765086
150.11;-143.6286;142.95987367494203;112.76859188765086
150.68;-143.8286;142.95987367494203;112.76859188765086
150.8;-145.0;142.95987367494203;112.76859188765086
150.94;-145.0571;142.95987367494203;112.76859188765086
150.67;-144.0;142.95987367494203;112.76859188765086
150.11;-145.0;142.95987367494203;112.76859188765086
149.71;-143.5143;142.95987367494203;112.76859188765086
149.65;-144.0286;142.95987367494203;112.76859188765086
149.09;-143.3143;142.95987367494203;112.76859188765086
148.1;-142.9714;142.95987367494203;112.76859188765086
148.08;-140.5429;142.95987367494203;112.76859188765086
147.3;-141.7714;142.95987367494203;112.76859188765086
146.44;-140.2571;142.95987367494203;112.76859188765086
146.21;-140.6571;142.95987367494203;112.76859188765086
145.82;-140.7429;142.95987367494203;112.76859188765086
145.88;-141.1143;142.95987367494203;112.76859188765086
145.7;-139.8571;142.95987367494203;112.76859188765086
145.3;-139.4;142.95987367494203;112.76859188765086
145.08;-138.9429;142.95987367494203;112.76859188765086
144.6;-139.2;142.95987367494203;112.76859188765086
143.67;-138.5143;142.95987367494203;112.76859188765086
143.61;-138.7429;142.95987367494203;112.76859188765086
143.4;-138.6857;142.95987367494203;112.76859188765086
143.05;-138.0;142.95987367494203;112.76859188765086
142.99;-137.6571;142.95987367494203;112.76859188765086
143.25;-137.0571;142.95987367494203;112.76859188765086
142.99;-138.1143;142.95987367494203;112.76859188765086
141.89;-136.2286;142.95987367494203;112.76859188765086
141.31;-135.3714;142.95987367494203;112.76859188765086
141.36;-133.5429;142.95987367494203;112.76859188765086
140.86;-135.1714;142.95987367494203;112.76859188765086
140.49;-133.5143;142.95987367494203;112.76859188765086
139.83;-132.8857;142.95987367494203;112.76859188765086
139.63;-132.6286;142.95987367494203;112.76859188765086
140.19;-133.9143;142.95987367494203;112.76859188765086
140.01;-133.0;142.95987367494203;112.76859188765086
139.14;-133.2286;142.95987367494203;112.76859188765086
137.48;-133.9714;142.95987367494203;112.76859188765086
137.14;-132.4;142.95987367494203;112.76859188765086
137.69;-132.6571;142.95987367494203;112.76859188765086
137.62;-132.2857;142.95987367494203;112.76859188765086
137.21;-131.3143;142.95987367494203;112.76859188765086
136.83;-131.0571;142.95987367494203;112.76859188765086
136.78;-130.6857;142.95987367494203;112.76859188765086
136.9;-130.8571;142.95987367494203;112.76859188765086
136.87;-131.2;142.95987367494203;112.76859188765086
136.19;-131.1143;142.95987367494203;112.76859188765086
135.81;-129.1143;142.95987367494203;112.76859188765086
135.46;-129.4857;142.95987367494203;112.76859188765086
134.39;-129.4571;142.95987367494203;112.76859188765086
133.67;-129.2857;142.95987367494203;112.76859188765086
134.01;-128.1429;142.95987367494203;112.76859188765086
134.35;-128.2;142.95987367494203;112.76859188765086
134.06;-128.8857;142.95987367494203;112.76859188765086
133.47;-128.2857;142.95987367494203;112.76859188765086
133.15;-127.9714;142.95987367494203;112.76859188765086
132.72;-126.8857;142.95987367494203;112.76859188765086
132.19;-126.9429;142.95987367494203;112.76859188765086
132.05;-127.0286;142.95987367494203;112.76859188765086
131.94;-125.8571;142.95987367494203;112.76859188765086
131.45;-125.5143;142.95987367494203;112.76859188765086
131.02;-125.2286;142.95987367494203;112.76859188765086
131.27;-124.3143;142.95987367494203;112.76859188765086
130.8;-125.5714;142.95987367494203;112.76859188765086
130.1;-124.8;142.95987367494203;112.76859188765086
129.65;-124.0;142.95987367494203;112.76859188765086
129.21;-124.1429;142.95987367494203;112.76859188765086
128.94;-124.5143;142.95987367494203;112.76859188765086
128.81;-124.8857;142.95987367494203;112.76859188765086
128.75;-123.0;142.95987367494203;112.76859188765086
128.65;-122.7714;142.95987367494203;112.76859188765086
128.86;-122.3429;142.95987367494203;112.76859188765086
128.61;-121.8857;142.95987367494203;112.76859188765086
127.97;-121.4;142.95987367494203;112.76859188765086
127.55;-121.6;142.95987367494203;112.76859188765086
126.95;-121.4;142.95987367494203;112.76859188765086
126.29;-120.8571;142.95987367494203;112.76859188765086
126.23;-120.1714;142.95987367494203;112.76859188765086
126.21;-119.8857;142.95987367494203;112.76859188765086
126.31;-120.8286;142.95987367494203;112.76859188765086
125.9;-120.9714;142.95987367494203;112.76859188765086
125.32;-120.5714;142.95987367494203;112.76859188765086
124.96;-119.0571;142.95987367494203;112.76859188765086
124.63;-119.6571;142.95987367494203;112.76859188765086
124.43;-119.2857;142.95987367494203;112.76859188765086
124.02;-118.7714;142.95987367494203;112.76859188765086
123.56;-120.2286;142.95987367494203;112.76859188765086
123.2;-118.6;142.95987367494203;112.76859188765086
123.29;-117.5714;142.95987367494203;112.76859188765086
123.45;-118.4;142.95987367494203;112.76859188765086
123.46;-117.2571;142.95987367494203;112.76859188765086
122.89;-117.2;142.95987367494203;112.76859188765086
122.29;-117.4286;142.95987367494203;112.76859188765086
122.01;-117.3143;142.95987367494203;112.76859188765086
121.56;-116.4857;142.95987367494203;112.76859188765086
121.11;-115.9714;142.95987367494203;112.76859188765086
120.61;-115.5429;142.95987367494203;112.76859188765086
120.58;-115.2857;142.95987367494203;112.76859188765086
120.61;-115.4571;142.95987367494203;112.76859188765086
120.53;-115.4857;142.95987367494203;112.76859188765086
120.13;-115.0;142.95987367494203;112.76859188765086
120.17;-113.9714;142.95987367494203;112.76859188765086
120.45;-114.3429;142.95987367494203;112.76859188765086
120.2;-114.4857;142.95987367494203;112.76859188765086
119.72;-114.4857;142.95987367494203;112.76859188765086
119.36;-114.5714;142.95987367494203;112.76859188765086
118.76;-113.7714;142.95987367494203;112.76859188765086
118.42;-113.7143;142.95987367494203;112.76859188765086
118.45;-112.9429;142.95987367494203;112.76859188765086
117.86;-112.7429;142.95987367494203;112.76859188765086
117.2;-112.5429;142.95987367494203;112.76859188765086
117.04;-111.9714;142.95987367494203;112.76859188765086
117.61;-112.1429;142.95987367494203;112.76859188765086
117.11;-112.0;142.95987367494203;112.76859188765086
116.46;-111.2;142.95987367494203;112.76859188765086
115.71;-111.2857;142.95987367494203;112.76859188765086
115.49;-111.4;142.95987367494203;112.76859188765086
115.44;-110.4;142.95987367494203;112.76859188765086
115.29;-110.4;142.95987367494203;112.76859188765086
114.86;-109.7714;142.95987367494203;112.76859188765086
115.0;-110.2857;142.95987367494203;112.76859188765086
114.46;-110.2571;142.95987367494203;112.76859188765086
114.43;-109.0286;142.95987367494203;112.76859188765086
114.92;-109.8857;142.95987367494203;112.76859188765086
114.46;-110.4286;142.95987367494203;112.76859188765086
114.36;-109.3714;142.95987367494203;112.76859188765086
113.95;-109.6286;142.95987367494203;112.76859188765086
113.96;-109.2571;142.95987367494203;112.76859188765086
113.21;-108.9429;142.95987367494203;112.76859188765086
113.01;-108.5143;142.95987367494203;112.76859188765086
113.12;-106.8286;142.95987367494203;112.76859188765086
112.78;-107.4286;142.95987367494203;112.76859188765086
112.28;-107.2286;142.95987367494203;112.76859188765086
111.91;-107.2;142.95987367494203;112.76859188765086
111.95;-106.2;142.95987367494203;112.76859188765086
111.21;-106.3714;142.95987367494203;112.76859188765086
110.96;-106.9429;142.95987367494203;112.76859188765086
111.12;-105.4571;142.95987367494203;112.76859188765086
110.57;-105.6286;142.95987367494203;112.76859188765086
110.49;-106.1429;142.95987367494203;112.76859188765086
110.22;-105.6857;142.95987367494203;112.76859188765086
110.0;-105.5429;142.95987367494203;112.76859188765086
109.67;-105.2286;142.95987367494203;112.76859188765086
109.68;-104.0286;142.95987367494203;112.76859188765086
109.4;-104.4571;142.95987367494203;112.76859188765086
109.03;-103.8286;142.95987367494203;112.76859188765086
108.85;-104.6286;142.95987367494203;112.76859188765086
108.66;-103.4857;142.95987367494203;112.76859188765086
108.78;-103.7429;142.95987367494203;112.76859188765086
108.49;-104.1429;142.95987367494203;112.76859188765086
108.37;-103.2;142.95987367494203;112.76859188765086
108.07;-103.4286;142.95987367494203;112.76859188765086
107.91;-102.5143;142.95987367494203;112.76859188765086
107.52;-102.2286;142.95987367494203;112.76859188765086
107.14;-101.3714;142.95987367494203;112.76859188765086
106.98;-101.5429;142.95987367494203;112.76859188765086
106.45;-102.0857;142.95987367494203;112.76859188765086
105.81;-101.0857;142.95987367494203;112.76859188765086
105.25;-100.3143;142.95987367494203;112.76859188765086
105.34;-101.8;142.95987367494203;112.76859188765086
105.28;-101.1714;142.95987367494203;112.76859188765086
105.17;-100.5714;142.95987367494203;112.76859188765086
105.22;-100.0286;142.95987367494203;112.76859188765086
105.05;-100.6286;142.95987367494203;112.76859188765086
104.88;-100.5429;142.95987367494203;112.76859188765086
104.55;-100.4;142.95987367494203;112.76859188765086
104.08;-99.8286;142.95987367494203;112.76859188765086
104.08;-100.0286;142.95987367494203;112.76859188765086
103.74;-99.0857;142.95987367494203;112.76859188765086
103.49;-98.9714;142.95987367494203;112.76859188765086
102.78;-98.4571;142.95987367494203;112.76859188765086
103.08;-98.1714;142.95987367494203;112.76859188765086
102.39;-97.7714;142.95987367494203;112.76859188765086
102.36;-98.8571;142.95987367494203;112.76859188765086
102.5;-99.1429;142.95987367494203;112.76859188765086
102.31;-99.1143;142.95987367494203;112.76859188765086
102.47;-97.5429;142.95987367494203;112.76859188765086
102.15;-97.6857;142.95987367494203;112.76859188765086
101.98;-97.7143;142.95987367494203;112.76859188765086
101.48;-98.0;142.95987367494203;112.76859188765086
101.61;-97.8286;142.95987367494203;112.76859188765086
101.29;-96.8;142.95987367494203;112.76859188765086
100.98;-96.7714;142.95987367494203;112.76859188765086
100.86;-96.6857;142.95987367494203;112.76859188765086
100.18;-96.8;142.95987367494203;112.76859188765086
99.82;-95.9714;142.95987367494203;112.76859188765086
99.73;-96.4;142.95987367494203;112.76859188765086
100.13;-96.3143;142.95987367494203;112.76859188765086
99.2;-96.0857;142.95987367494203;112.76859188765086
99.6;-94.8571;142.95987367494203;112.76859188765086
99.48;-94.8571;142.95987367494203;112.76859188765086
99.38;-95.5143;142.95987367494203;112.76859188765086
98.88;-95.5429;142.95987367494203;112.76859188765086
98.81;-95.1143;142.95987367494203;112.76859188765086
98.61;-94.8;142.95987367494203;112.76859188765086
98.52;-94.7143;142.95987367494203;112.76859188765086
98.15;-94.2286;142.95987367494203;112.76859188765086
98.11;-94.0571;142.95987367494203;112.76859188765086
97.72;-93.6571;142.95987367494203;112.76859188765086
97.23;-94.6857;142.95987367494203;112.76859188765086
97.21;-93.3714;142.95987367494203;112.76859188765086
97.1;-92.7143;142.95987367494203;112.76859188765086
96.46;-91.9429;142.95987367494203;112.76859188765086
96.55;-91.7143;142.95987367494203;112.76859188765086
96.25;-91.4286;142.95987367494203;112.76859188765086
96.37;-91.6571;142.95987367494203;112.76859188765086
96.24;-92.6286;142.95987367494203;112.76859188765086
96.41;-92.0;142.95987367494203;112.76859188765086
95.54;-92.6571;142.95987367494203;112.76859188765086
95.36;-91.6;142.95987367494203;112.76859188765086
95.1;-91.7429;142.95987367494203;112.76859188765086
95.02;-91.6857;142.95987367494203;112.76859188765086
94.67;-91.2571;142.95987367494203;112.76859188765086
94.67;-91.5143;142.95987367494203;112.76859188765086
93.81;-91.1143;142.95987367494203;112.76859188765086
93.88;-89.8857;142.95987367494203;112.76859188765086
93.49;-89.6857;142.95987367494203;112.76859188765086
93.49;-89.6286;142.95987367494203;112.76859188765086
93.25;-89.2286;142.95987367494203;112.76859188765086
93.58;-88.9143;142.95987367494203;112.76859188765086
93.24;-88.6286;142.95987367494203;112.76859188765086
93.0;-89.3143;142.95987367494203;112.76859188765086
92.62;-89.1143;142.95987367494203;112.76859188765086
92.88;-88.9143;142.95987367494203;112.76859188765086
92.55;-88.9429;142.95987367494203;112.76859188765086
92.95;-89.5143;142.95987367494203;112.76859188765086
92.13;-89.3143;142.95987367494203;112.76859188765086
91.94;-88.4;142.95987367494203;112.76859188765086
91.58;-88.5143;142.95987367494203;112.76859188765086
91.63;-87.9714;142.95987367494203;112.76859188765086
91.5;-87.9429;142.95987367494203;112.76859188765086
91.49;-88.7143;142.95987367494203;112.76859188765086
91.1;-88.4;142.95987367494203;112.76859188765086
90.83;-88.4857;142.95987367494203;112.76859188765086
90.77;-88.2571;142.95987367494203;112.76859188765086
90.62;-87.3714;142.95987367494203;112.76859188765086
90.17;-86.9714;142.95987367494203;112.76859188765086
90.2;-86.3714;142.95987367494203;112.76859188765086
90.04;-86.0286;142.95987367494203;112.76859188765086
89.76;-86.1429;142.95987367494203;112.76859188765086
89.65;-86.1143;142.95987367494203;112.76859188765086
89.44;-86.0;142.95987367494203;112.76859188765086
89.22;-85.4857;142.95987367494203;112.76859188765086
88.65;-85.2286;142.95987367494203;112.76859188765086
88.4;-84.9143;142.95987367494203;112.76859188765086
88.44;-84.3429;142.95987367494203;112.76859188765086
88.34;-84.6571;142.95987367494203;112.76859188765086
88.0;-85.0;142.95987367494203;112.76859188765086
88.17;-84.8;142.95987367494203;112.76859188765086
87.95;-84.8;142.95987367494203;112.76859188765086
87.98;-84.7429;142.95987367494203;112.76859188765086
87.68;-84.4286;142.95987367494203;112.76859188765086
87.37;-83.8;142.95987367494203;112.76859188765086
86.78;-84.0;142.95987367494203;112.76859188765086
87.05;-83.8286;142.95987367494203;112.76859188765086
86.98;-84.5143;142.95987367494203;112.76859188765086
86.87;-84.3143;142.95987367494203;112.76859188765086
86.75;-84.2571;142.95987367494203;112.76859188765086
86.57;-83.2857;142.95987367494203;112.76859188765086
86.42;-83.1714;142.95987367494203;112.76859188765086
86.21;-83.0571;142.95987367494203;112.76859188765086
85.96;-83.1714;142.95987367494203;112.76859188765086
85.71;-82.5714;142.95987367494203;112.76859188765086
85.54;-82.9143;142.95987367494203;112.76859188765086
85.16;-82.6;142.95987367494203;112.76859188765086
84.73;-82.3429;142.95987367494203;112.76859188765086
84.7;-81.9143;142.95987367494203;112.76859188765086
84.79;-82.6;142.95987367494203;112.76859188765086
84.73;-82.3429;142.95987367494203;112.76859188765086
84.62;-82.0286;142.95987367494203;112.76859188765086
83.98;-81.5429;142.95987367494203;112.76859188765086
83.92;-80.3143;142.95987367494203;112.76859188765086
83.89;-80.2571;142.95987367494203;112.76859188765086
84.08;-80.1143;142.95987367494203;112.76859188765086
83.83;-80.4857;142.95987367494203;112.76859188765086
83.65;-80.2571;142.95987367494203;112.76859188765086
83.34;-80.0571;142.95987367494203;112.76859188765086
82.98;-79.6571;142.95987367494203;112.76859188765086
83.26;-80.2;142.95987367494203;112.76859188765086
83.34;-80.3714;142.95987367494203;112.76859188765086
82.98;-80.2857;142.95987367494203;112.76859188765086
83.05;-79.4857;142.95987367494203;112.76859188765086
82.58;-79.6571;142.95987367494203;112.76859188765086
82.45;-80.1143;142.95987367494203;112.76859188765086
82.26;-80.4286;142.95987367494203;112.76859188765086
81.91;-79.4286;142.95987367494203;112.76859188765086
81.81;-78.9714;142.95987367494203;112.76859188765086
81.8;-78.5429;142.95987367494203;112.76859188765086
81.57;-78.4857;142.95987367494203;112.76859188765086
81.29;-78.7429;142.95987367494203;112.76859188765086
81.16;-78.5714;142.95987367494203;112.76859188765086
80.96;-78.2571;142.95987367494203;112.76859188765086
80.43;-77.6;142.95987367494203;112.76859188765086
80.14;-77.5143;142.95987367494203;112.76859188765086
80.1;-77.4286;142.95987367494203;112.76859188765086
80.48;-76.8571;142.95987367494203;112.76859188765086
80.28;-76.8571;142.95987367494203;112.76859188765086
79.74;-77.0286;142.95987367494203;112.76859188765086
79.79;-77.0286;142.95987367494203;112.76859188765086
79.56;-76.8571;142.95987367494203;112.76859188765086
79.4;-76.8571;142.95987367494203;112.76859188765086
79.31;-76.6286;142.95987367494203;112.76859188765086
79.1;-76.6;142.95987367494203;112.76859188765086
79.08;-76.8571;142.95987367494203;112.76859188765086
79.04;-76.3714;142.95987367494203;112.76859188765086
78.96;-75.9429;142.95987367494203;112.76859188765086
78.72;-75.7429;142.95987367494203;112.76859188765086
78.5;-76.0571;142.95987367494203;112.76859188765086
78.32;-75.1429;142.95987367494203;112.76859188765086
78.56;-75.1429;142.95987367494203;112.76859188765086
78.15;-75.2;142.95987367494203;112.76859188765086
77.94;-75.4;142.95987367494203;112.76859188765086
77.8;-75.4857;142.95987367494203;112.76859188765086
77.39;-74.3143;142.95987367494203;112.76859188765086
77.52;-74.4571;142.95987367494203;112.76859188765086
77.11;-73.9714;142.95987367494203;112.76859188765086
77.14;-73.6571;142.95987367494203;112.76859188765086
76.81;-74.3143;142.95987367494203;112.76859188765086
76.44;-73.6286;142.95987367494203;112.76859188765086
76.3;-72.8857;142.95987367494203;112.76859188765086
76.18;-73.5143;142.95987367494203;112.76859188765086
76.25;-73.4571;142.95987367494203;112.76859188765086
76.34;-73.2286;142.95987367494203;112.76859188765086
75.85;-72.7429;142.95987367494203;112.76859188765086
75.21;-72.6571;142.95987367494203;112.76859188765086
75.19;-72.4571;142.95987367494203;112.76859188765086
75.16;-72.0571;142.95987367494203;112.76859188765086
75.19;-72.1429;142.95987367494203;112.76859188765086
75.39;-72.2571;142.95987367494203;112.76859188765086
75.27;-72.9714;142.95987367494203;112.76859188765086
74.92;-72.4571;142.95987367494203;112.76859188765086
74.96;-72.2857;142.95987367494203;112.76859188765086
74.82;-71.9429;142.95987367494203;112.76859188765086
74.95;-71.8857;142.95987367494203;112.76859188765086
74.58;-71.7143;142.95987367494203;112.76859188765086
74.47;-71.6857;142.95987367494203;112.76859188765086
74.18;-71.4857;142.95987367494203;112.76859188765086
74.0;-70.8857;142.95987367494203;112.76859188765086
73.84;-70.9143;142.95987367494203;112.76859188765086
73.53;-71.1143;142.95987367494203;112.76859188765086
73.41;-71.4571;142.95987367494203;112.76859188765086
73.15;-71.2;142.95987367494203;112.76859188765086
73.19;-71.0;142.95987367494203;112.76859188765086
73.01;-71.2571;142.95987367494203;112.76859188765086
72.9;-70.8571;142.95987367494203;112.76859188765086
72.82;-70.3143;142.95987367494203;112.76859188765086
72.56;-70.0286;142.95987367494203;112.76859188765086
72.74;-69.9143;142.95987367494203;112.76859188765086
72.47;-69.8286;142.95987367494203;112.76859188765086
72.36;-69.4286;142.95987367494203;112.76859188765086
72.35;-69.8286;142.95987367494203;112.76859188765086
72.25;-70.0;142.95987367494203;112.76859188765086
72.08;-69.0571;142.95987367494203;112.76859188765086
71.76;-69.4571;142.95987367494203;112.76859188765086
71.67;-68.8286;142.95987367494203;112.76859188765086
71.51;-68.6;142.95987367494203;112.76859188765086
71.42;-68.2857;142.95987367494203;112.76859188765086
71.58;-68.4571;142.95987367494203;112.76859188765086
71.23;-68.8;142.95987367494203;112.76859188765086
70.83;-68.4571;142.95987367494203;112.76859188765086
70.71;-68.2857;142.95987367494203;112.76859188765086
70.59;-68.0571;142.95987367494203;112.76859188765086
70.24;-67.8571;142.95987367494203;112.76859188765086
69.98;-67.2857;142.95987367494203;112.76859188765086
69.61;-67.4;142.95987367494203;112.76859188765086
69.93;-66.3714;142.95987367494203;112.76859188765086
69.97;-66.4;142.95987367494203;112.76859188765086
69.85;-67.1714;142.95987367494203;112.76859188765086
69.85;-67.0;142.95987367494203;112.76859188765086
69.43;-67.0571;142.95987367494203;112.76859188765086
69.43;-66.9429;142.95987367494203;112.76859188765086
69.08;-66.9429;142.95987367494203;112.76859188765086
69.21;-67.0857;142.95987367494203;112.76859188765086
69.0;-66.3143;142.95987367494203;112.76859188765086
68.92;-66.7429;142.95987367494203;112.76859188765086
68.81;-66.4;142.95987367494203;112.76859188765086
68.46;-66.3429;142.95987367494203;112.76859188765086
68.34;-66.2286;142.95987367494203;112.76859188765086
68.36;-65.7714;142.95987367494203;112.76859188765086
68.29;-65.8;142.95987367494203;112.76859188765086
68.08;-65.6571;142.95987367494203;112.76859188765086
67.88;-65.5143;142.95987367494203;112.76859188765086
67.72;-65.3429;142.95987367494203;112.76859188765086
67.71;-65.3429;142.95987367494203;112.76859188765086
67.36;-65.0857;142.95987367494203;112.76859188765086
67.33;-64.8;142.95987367494203;112.76859188765086
67.34;-64.6286;142.95987367494203;112.76859188765086
67.19;-65.0;142.95987367494203;112.76859188765086
67.1;-64.2857;142.95987367494203;112.76859188765086
67.14;-64.2286;142.95987367494203;112.76859188765086
67.01;-64.4857;142.95987367494203;112.76859188765086
66.95;-64.6286;142.95987367494203;112.76859188765086
66.76;-64.3714;142.95987367494203;112.76859188765086
66.71;-64.8571;142.95987367494203;112.76859188765086
66.67;-64.4286;142.95987367494203;112.76859188765086
66.22;-64.3714;142.95987367494203;112.76859188765086
65.84;-64.2857;142.95987367494203;112.76859188765086
65.86;-63.6571;142.95987367494203;112.76859188765086
65.67;-63.6571;142.95987367494203;112.76859188765086
65.63;-63.7143;142.95987367494203;112.76859188765086
65.42;-63.5714;142.95987367494203;112.76859188765086
65.29;-63.0857;142.95987367494203;112.76859188765086
65.13;-63.2571;142.95987367494203;112.76859188765086
65.01;-62.8;142.95987367494203;112.76859188765086
64.93;-63.0857;142.95987367494203;112.76859188765086
64.76;-62.8571;142.95987367494203;112.76859188765086
64.68;-62.3429;142.95987367494203;112.76859188765086
64.51;-62.3429;142.95987367494203;112.76859188765086
64.22;-62.5429;142.95987367494203;112.76859188765086
64.23;-62.0571;142.95987367494203;112.76859188765086
64.16;-62.3143;142.95987367494203;112.76859188765086
63.97;-62.1429;142.95987367494203;112.76859188765086
64.06;-61.5714;142.95987367494203;112.76859188765086
63.78;-61.6857;142.95987367494203;112.76859188765086
63.61;-61.6857;142.95987367494203;112.76859188765086
63.36;-61.2571;142.95987367494203;112.76859188765086
63.37;-61.2;142.95987367494203;112.76859188765086
63.4;-61.1714;142.95987367494203;112.76859188765086
63.37;-61.2571;142.95987367494203;112.76859188765086
63.2;-61.4;142.95987367494203;112.76859188765086
63.2;-61.3143;142.95987367494203;112.76859188765086
63.17;-61.2286;142.95987367494203;112.76859188765086
63.04;-60.3429;142.95987367494203;112.76859188765086
62.85;-60.0857;142.95987367494203;112.76859188765086
62.58;-60.1143;142.95987367494203;112.76859188765086
62.62;-59.9143;142.95987367494203;112.76859188765086
62.6;-59.7429;142.95987367494203;112.76859188765086
62.23;-60.2;142.95987367494203;112.76859188765086
62.15;-59.8857;142.95987367494203;112.76859188765086
61.99;-60.0571;142.95987367494203;112.76859188765086
61.77;-59.4;142.95987367494203;112.76859188765086
61.87;-59.5143;142.95987367494203;112.76859188765086
61.68;-59.8571;142.95987367494203;112.76859188765086
61.58;-59.4;142.95987367494203;112.76859188765086
61.57;-59.4286;142.95987367494203;112.76859188765086
61.49;-59.6286;142.95987367494203;112.76859188765086
61.42;-59.2;142.95987367494203;112.76859188765086
61.15;-59.1429;142.95987367494203;112.76859188765086
61.06;-59.3714;142.95987367494203;112.76859188765086
61.17;-58.6;142.95987367494203;112.76859188765086
61.04;-58.9714;142.95987367494203;112.76859188765086
60.9;-58.9714;142.95987367494203;112.76859188765086
60.61;-59.0571;142.95987367494203;112.76859188765086
60.61;-58.8286;142.95987367494203;112.76859188765086
60.33;-58.4857;142.95987367494203;112.76859188765086
60.25;-58.5143;142.95987367494203;112.76859188765086
60.17;-58.3143;142.95987367494203;112.76859188765086
60.24;-58.3714;142.95987367494203;112.76859188765086
60.15;-58.2857;142.95987367494203;112.76859188765086
60.07;-58.2;142.95987367494203;112.76859188765086
59.76;-58.0857;142.95987367494203;112.76859188765086
59.39;-57.5714;142.95987367494203;112.76859188765086
59.34;-57.1429;142.95987367494203;112.76859188765086
59.12;-57.4857;142.95987367494203;112.76859188765086
59.05;-57.1429;142.95987367494203;112.76859188765086
59.06;-57.4571;142.95987367494203;112.76859188765086
58.83;-57.1143;142.95987367494203;112.76859188765086
58.9;-57.0571;142.95987367494203;112.76859188765086
58.62;-56.9143;142.95987367494203;112.76859188765086
58.63;-56.6;142.95987367494203;112.76859188765086
58.53;-56.9143;142.95987367494203;112.76859188765086
58.41;-56.4857;142.95987367494203;112.76859188765086
58.32;-56.5714;142.95987367494203;112.76859188765086
58.07;-56.3143;142.95987367494203;112.76859188765086
57.86;-56.0857;142.95987367494203;112.76859188765086
57.75;-56.4;142.95987367494203;112.76859188765086
57.65;-56.0857;142.95987367494203;112.76859188765086
57.46;-55.8;142.95987367494203;112.76859188765086
57.37;-55.5714;142.95987367494203;112.76859188765086
57.15;-55.3143;142.95987367494203;112.76859188765086
57.3;-55.2571;142.95987367494203;112.76859188765086
57.33;-55.2;142.95987367494203;112.76859188765086
57.12;-55.6;142.95987367494203;112.76859188765086
57.02;-55.0286;142.95987367494203;112.76859188765086
56.93;-55.0857;142.95987367494203;112.76859188765086
56.67;-54.9714;142.95987367494203;112.76859188765086
56.64;-54.5714;142.95987367494203;112.76859188765086
56.55;-54.8857;142.95987367494203;112.76859188765086
56.54;-55.0286;142.95987367494203;112.76859188765086
56.46;-55.1143;142.95987367494203;112.76859188765086
56.22;-54.4857;142.95987367494203;112.76859188765086
56.23;-54.6571;142.95987367494203;112.76859188765086
56.08;-54.5143;142.95987367494203;112.76859188765086
56.02;-54.2857;142.95987367494203;112.76859188765086
55.88;-54.3714;142.95987367494203;112.76859188765086
55.66;-53.8857;142.95987367494203;112.76859188765086
55.56;-54.2571;142.95987367494203;112.76859188765086
55.4;-53.7143;142.95987367494203;112.76859188765086
55.19;-53.7714;142.95987367494203;112.76859188765086
54.96;-53.7143;142.95987367494203;112.76859188765086
54.85;-53.4;142.95987367494203;112.76859188765086
54.71;-53.3143;142.95987367494203;112.76859188765086
54.67;-53.0286;142.95987367494203;112.76859188765086
54.53;-53.2857;142.95987367494203;112.76859188765086
54.47;-53.0;142.95987367494203;112.76859188765086
54.46;-53.0;142.95987367494203;112.76859188765086
54.43;-52.7429;142.95987367494203;112.76859188765086
54.33;-52.8;142.95987367494203;112.76859188765086
54.19;-52.4571;142.95987367494203;112.76859188765086
54.01;-52.4286;142.95987367494203;112.76859188765086
53.89;-52.5143;142.95987367494203;112.76859188765086
53.66;-52.2;142.95987367494203;112.76859188765086
53.63;-52.3143;142.95987367494203;112.76859188765086
53.47;-51.9429;142.95987367494203;112.76859188765086
53.33;-52.2286;142.95987367494203;112.76859188765086
53.31;-51.6571;142.95987367494203;112.76859188765086
53.37;-51.7714;142.95987367494203;112.76859188765086
53.14;-51.6286;142.95987367494203;112.76859188765086
53.05;-51.7143;142.95987367494203;112.76859188765086
52.92;-51.7714;142.95987367494203;112.76859188765086
52.92;-51.3429;142.95987367494203;112.76859188765086
52.78;-51.5429;142.95987367494203;112.76859188765086
52.78;-51.0286;142.95987367494203;112.76859188765086
52.44;-51.1143;142.95987367494203;112.76859188765086
52.51;-50.8286;142.95987367494203;112.76859188765086
52.33;-51.0857;142.95987367494203;112.76859188765086
52.26;-50.7429;142.95987367494203;112.76859188765086
52.06;-50.9143;142.95987367494203;112.76859188765086
52.04;-50.5143;142.95987367494203;112.76859188765086
51.91;-50.6286;142.95987367494203;112.76859188765086
51.83;-50.2286;142.95987367494203;112.76859188765086
51.74;-50.2857;142.95987367494203;112.76859188765086
51.7;-50.3429;142.95987367494203;112.76859188765086
51.54;-50.2;142.95987367494203;112.76859188765086
51.28;-50.0;142.95987367494203;112.76859188765086
51.2;-49.4;142.95987367494203;112.76859188765086
51.19;-49.4857;142.95987367494203;112.76859188765086
51.16;-49.3429;142.95987367494203;112.76859188765086
51.12;-49.5429;142.95987367494203;112.76859188765086
51.01;-49.4;142.95987367494203;112.76859188765086
51.02;-49.3714;142.95987367494203;112.76859188765086
50.69;-49.2571;142.95987367494203;112.76859188765086
50.68;-49.0857;142.95987367494203;112.76859188765086
50.47;-49.0857;142.95987367494203;112.76859188765086
50.33;-49.2;142.95987367494203;112.76859188765086
50.22;-48.8;142.95987367494203;112.76859188765086
50.22;-48.8286;142.95987367494203;112.76859188765086
50.12;-48.6857;142.95987367494203;112.76859188765086
50.04;-48.8286;142.95987367494203;112.76859188765086
49.99;-48.4571;142.95987367494203;112.76859188765086
49.87;-48.5143;142.95987367494203;112.76859188765086
49.7;-48.0286;142.95987367494203;112.76859188765086
49.61;-48.1429;142.95987367494203;112.76859188765086
49.52;-47.8571;142.95987367494203;112.76859188765086
49.52;-47.9714;142.95987367494203;112.76859188765086
49.41;-47.9429;142.95987367494203;112.76859188765086
49.28;-48.1143;142.95987367494203;112.76859188765086
49.14;-47.8857;142.95987367494203;112.76859188765086
49.1;-47.6;142.95987367494203;112.76859188765086
48.92;-47.6;142.95987367494203;112.76859188765086
48.83;-47.5143;142.95987367494203;112.76859188765086
48.69;-47.4857;142.95987367494203;112.76859188765086
48.75;-47.4857;142.95987367494203;112.76859188765086
48.58;-47.4286;142.95987367494203;112.76859188765086
48.63;-47.3714;142.95987367494203;112.76859188765086
48.43;-47.2286;142.95987367494203;112.76859188765086
48.27;-47.1714;142.95987367494203;112.76859188765086
48.28;-47.0;142.95987367494203;112.76859188765086
48.02;-47.1143;142.95987367494203;112.76859188765086
47.79;-46.9429;142.95987367494203;112.76859188765086
47.81;-46.9143;142.95987367494203;112.76859188765086
47.83;-46.7143;142.95987367494203;112.76859188765086
47.57;-46.6571;142.95987367494203;112.76859188765086
47.69;-46.3429;142.95987367494203;112.76859188765086
47.63;-46.1714;142.95987367494203;112.76859188765086
47.41;-46.1429;142.95987367494203;112.76859188765086
47.3;-46.2571;142.95987367494203;112.76859188765086
47.16;-46.0286;142.95987367494203;112.76859188765086
47.28;-46.1429;142.95987367494203;112.76859188765086
47.13;-45.9429;142.95987367494203;112.76859188765086
47.15;-46.0;142.95987367494203;112.76859188765086
47.01;-45.6857;142.95987367494203;112.76859188765086
46.79;-45.6571;142.95987367494203;112.76859188765086
46.72;-45.3714;142.95987367494203;112.76859188765086
46.46;-45.4857;142.95987367494203;112.76859188765086
46.47;-45.2286;142.95987367494203;112.76859188765086
46.25;-45.5143;142.95987367494203;112.76859188765086
46.24;-45.0286;142.95987367494203;112.76859188765086
46.2;-45.1714;142.95987367494203;112.76859188765086
46.05;-44.6571;142.95987367494203;112.76859188765086
45.86;-44.8;142.95987367494203;112.76859188765086
45.82;-44.5429;142.95987367494203;112.76859188765086
45.64;-44.5143;142.95987367494203;112.76859188765086
45.76;-44.4857;142.95987367494203;112.76859188765086
45.57;-44.3714;142.95987367494203;112.76859188765086
45.52;-44.3143;142.95987367494203;112.76859188765086
45.56;-44.2;142.95987367494203;112.76859188765086
45.37;-44.2571;142.95987367494203;112.76859188765086
45.34;-44.0857;142.95987367494203;112.76859188765086
45.21;-44.2286;142.95987367494203;112.76859188765086
45.04;-43.9429;142.95987367494203;112.76859188765086
44.86;-43.8571;142.95987367494203;112.76859188765086
44.83;-43.3714;142.95987367494203;112.76859188765086
44.74;-43.5143;142.95987367494203;112.76859188765086
44.67;-43.2286;142.95987367494203;112.76859188765086
44.46;-43.2571;142.95987367494203;112.76859188765086
44.44;-43.0857;142.95987367494203;112.76859188765086
44.29;-43.2286;142.95987367494203;112.76859188765086
44.32;-43.0;142.95987367494203;112.76859188765086
44.14;-42.9714;142.95987367494203;112.76859188765086
44.17;-42.8571;142.95987367494203;112.76859188765086
44.04;-42.9429;142.95987367494203;112.76859188765086
43.88;-42.8857;142.95987367494203;112.76859188765086
43.84;-42.6286;142.95987367494203;112.76859188765086
43.82;-42.4857;142.95987367494203;112.76859188765086
43.74;-42.5714;142.95987367494203;112.76859188765086
43.64;-42.6;142.95987367494203;112.76859188765086
43.64;-42.4;142.95987367494203;112.76859188765086
43.52;-42.3714;142.95987367494203;112.76859188765086
43.42;-42.2571;142.95987367494203;112.76859188765086
43.48;-42.2286;142.95987367494203;112.76859188765086
43.43;-42.2857;142.95987367494203;112.76859188765086
43.3;-42.2571;142.95987367494203;112.76859188765086
43.17;-42.1429;142.95987367494203;112.76859188765086
42.99;-41.9143;142.95987367494203;112.76859188765086
42.96;-41.8;142.95987367494203;112.76859188765086
42.92;-41.7429;142.95987367494203;112.76859188765086
42.75;-41.7714;142.95987367494203;112.76859188765086
42.76;-41.4857;142.95987367494203;112.76859188765086
42.69;-41.6571;142.95987367494203;112.76859188765086
42.53;-41.3714;142.95987367494203;112.76859188765086
42.33;-41.2286;142.95987367494203;112.76859188765086
42.37;-41.1429;142.95987367494203;112.76859188765086
42.24;-41.1429;142.95987367494203;112.76859188765086
42.16;-40.9143;142.95987367494203;112.76859188765086
42.12;-40.9714;142.95987367494203;112.76859188765086
42.08;-40.9714;142.95987367494203;112.76859188765086
42.07;-40.7429;142.95987367494203;112.76859188765086
41.93;-40.7429;142.95987367494203;112.76859188765086
41.82;-40.5429;142.95987367494203;112.76859188765086
41.68;-40.4286;142.95987367494203;112.76859188765086
41.56;-40.4;142.95987367494203;112.76859188765086
41.42;-40.1143;142.95987367494203;112.76859188765086
41.32;-40.2286;142.95987367494203;112.76859188765086
41.25;-40.1143;142.95987367494203;112.76859188765086
41.13;-40.0571;142.95987367494203;112.76859188765086
41.09;-39.9714;142.95987367494203;112.76859188765086
41.14;-40.0286;142.95987367494203;112.76859188765086
41.07;-39.9143;142.95987367494203;112.76859188765086
40.89;-39.6857;142.95987367494203;112.76859188765086
40.64;-39.6857;142.95987367494203;112.76859188765086
40.72;-39.4;142.95987367494203;112.76859188765086
40.65;-39.4857;142.95987367494203;112.76859188765086
40.55;-39.4;142.95987367494203;112.76859188765086
40.49;-39.4;142.95987367494203;112.76859188765086
40.31;-39.1429;142.95987367494203;112.76859188765086
40.3;-39.1429;142.95987367494203;112.76859188765086
40.16;-39.1143;142.95987367494203;112.76859188765086
40.06;-39.0;142.95987367494203;112.76859188765086
39.86;-38.9143;142.95987367494203;112.76859188765086
39.84;-38.6286;142.95987367494203;112.76859188765086
39.89;-38.5429;142.95987367494203;112.76859188765086
39.97;-38.6286;142.95987367494203;112.76859188765086
39.87;-38.6286;142.95987367494203;112.76859188765086
39.75;-38.7429;142.95987367494203;112.76859188765086
39.71;-38.4286;142.95987367494203;112.76859188765086
39.56;-38.5143;142.95987367494203;112.76859188765086
39.57;-38.4;142.95987367494203;112.76859188765086
39.39;-38.3429;142.95987367494203;112.76859188765086
39.24;-38.3429;142.95987367494203;112.76859188765086
39.26;-37.9143;142.95987367494203;112.76859188765086
39.11;-38.2571;142.95987367494203;112.76859188765086
39.08;-38.0286;142.95987367494203;112.76859188765086
38.82;-38.0857;142.95987367494203;112.76859188765086
38.79;-38.0286;142.95987367494203;112.76859188765086
38.75;-37.8286;142.95987367494203;112.76859188765086
38.66;-37.7714;142.95987367494203;112.76859188765086
38.72;-37.6;142.95987367494203;112.76859188765086
38.47;-37.6286;142.95987367494203;112.76859188765086
38.45;-37.4857;142.95987367494203;112.76859188765086
38.45;-37.3714;142.95987367494203;112.76859188765086
38.31;-37.3429;142.95987367494203;112.76859188765086
38.3;-37.2571;142.95987367494203;112.76859188765086
38.19;-37.3143;142.95987367494203;112.76859188765086
38.02;-37.1714;142.95987367494203;112.76859188765086
37.88;-37.2;142.95987367494203;112.76859188765086
37.74;-37.0286;142.95987367494203;112.76859188765086
37.76;-36.8286;142.95987367494203;112.76859188765086
37.76;-36.7429;142.95987367494203;112.76859188765086
37.65;-36.5714;142.95987367494203;112.76859188765086
37.64;-36.6286;142.95987367494203;112.76859188765086
37.61;-36.5714;142.95987367494203;112.76859188765086
37.56;-36.3714;142.95987367494203;112.76859188765086
37.42;-36.3429;142.95987367494203;112.76859188765086
37.2;-36.2286;142.95987367494203;112.76859188765086
37.01;-36.1429;142.95987367494203;112.76859188765086
36.92;-36.0857;142.95987367494203;112.76859188765086
36.82;-35.8857;142.95987367494203;112.76859188765086
36.72;-35.9714;142.95987367494203;112.76859188765086
36.63;-35.7429;142.95987367494203;112.76859188765086
36.71;-35.7714;142.95987367494203;112.76859188765086
36.53;-35.7429;142.95987367494203;112.76859188765086
36.5;-35.5143;142.95987367494203;112.76859188765086
36.54;-35.7429;142.95987367494203;112.76859188765086
36.32;-35.7429;142.95987367494203;112.76859188765086
36.25;-35.6;142.95987367494203;112.76859188765086
36.17;-35.4857;142.95987367494203;112.76859188765086
36.21;-35.4571;142.95987367494203;112.76859188765086
36.23;-35.4286;142.95987367494203;112.76859188765086
35.96;-35.2857;142.95987367494203;112.76859188765086
35.99;-35.0;142.95987367494203;112.76859188765086
35.92;-35.0571;142.95987367494203;112.76859188765086
35.81;-34.8857;142.95987367494203;112.76859188765086
35.76;-34.8286;142.95987367494203;112.76859188765086
35.65;-34.9143;142.95987367494203;112.76859188765086
35.6;-34.7143;142.95987367494203;112.76859188765086
35.57;-34.6857;142.95987367494203;112.76859188765086
35.44;-34.8571;142.95987367494203;112.76859188765086
35.34;-34.6571;142.95987367494203;112.76859188765086
35.25;-34.7429;142.95987367494203;112.76859188765086
35.15;-34.3429;142.95987367494203;112.76859188765086
35.03;-34.2571;142.95987367494203;112.76859188765086
34.91;-34.1143;142.95987367494203;112.76859188765086
34.96;-33.9143;142.95987367494203;112.76859188765086
35.03;-33.9714;142.95987367494203;112.76859188765086
34.91;-34.0286;142.95987367494203;112.76859188765086
34.94;-33.9143;142.95987367494203;112.76859188765086
34.8;-33.9143;142.95987367494203;112.76859188765086
34.68;-33.7429;142.95987367494203;112.76859188765086
34.49;-33.8286;142.95987367494203;112.76859188765086
34.41;-33.5429;142.95987367494203;112.76859188765086
34.35;-33.4;142.95987367494203;112.76859188765086
34.41;-33.5714;142.95987367494203;112.76859188765086
34.22;-33.3143;142.95987367494203;112.76859188765086
34.1;-33.2571;142.95987367494203;112.76859188765086
33.9;-33.0857;142.95987367494203;112.76859188765086
33.87;-32.9429;142.95987367494203;112.76859188765086
33.89;-32.9429;142.95987367494203;112.76859188765086
33.83;-32.9429;142.95987367494203;112.76859188765086
33.86;-32.9143;142.95987367494203;112.76859188765086
33.82;-32.9714;142.95987367494203;112.76859188765086
33.59;-32.8571;142.95987367494203;112.76859188765086
33.59;-32.7429;142.95987367494203;112.76859188765086
33.5;-32.6857;142.95987367494203;112.76859188765086
33.29;-32.6;142.95987367494203;112.76859188765086
33.25;-32.5143;142.95987367494203;112.76859188765086
33.15;-32.4286;142.95987367494203;112.76859188765086
33.02;-32.2857;142.95987367494203;112.76859188765086
33.04;-32.1429;142.95987367494203;112.76859188765086
33.01;-32.0286;142.95987367494203;112.76859188765086
32.93;-32.0571;142.95987367494203;112.76859188765086
32.88;-31.9714;142.95987367494203;112.76859188765086
32.76;-31.8857;142.95987367494203;112.76859188765086
32.83;-31.7429;142.95987367494203;112.76859188765086
32.82;-31.8857;142.95987367494203;112.76859188765086
32.7;-31.8571;142.95987367494203;112.76859188765086
32.63;-31.6857;142.95987367494203;112.76859188765086
32.67;-31.6857;142.95987367494203;112.76859188765086
32.57;-31.5714;142.95987367494203;112.76859188765086
32.47;-31.5714;142.95987367494203;112.76859188765086
32.35;-31.5429;142.95987367494203;112.76859188765086
32.21;-31.4571;142.95987367494203;112.76859188765086
32.18;-31.4;142.95987367494203;112.76859188765086
32.1;-31.4857;142.95987367494203;112.76859188765086
32.04;-31.2;142.95987367494203;112.76859188765086
32.12;-31.1429;142.95987367494203;112.76859188765086
32.01;-31.2857;142.95987367494203;112.76859188765086
31.89;-31.1429;142.95987367494203;112.76859188765086
31.73;-31.0286;142.95987367494203;112.76859188765086
31.7;-30.9429;142.95987367494203;112.76859188765086
31.72;-30.7429;142.95987367494203;112.76859188765086
31.59;-30.6857;142.95987367494203;112.76859188765086
31.38;-30.5714;142.95987367494203;112.76859188765086
31.26;-30.3714;142.95987367494203;112.76859188765086
31.21;-30.4286;142.95987367494203;112.76859188765086
31.24;-30.4286;142.95987367494203;112.76859188765086
31.26;-30.1714;142.95987367494203;112.76859188765086
31.17;-30.4571;142.95987367494203;112.76859188765086
31.08;-30.3143;142.95987367494203;112.76859188765086
31.03;-30.2571;142.95987367494203;112.76859188765086
30.98;-30.2;142.95987367494203;112.76859188765086
30.94;-30.0857;142.95987367494203;112.76859188765086
31.01;-30.0571;142.95987367494203;112.76859188765086
30.93;-30.0857;142.95987367494203;112.76859188765086
30.86;-30.0286;142.95987367494203;112.76859188765086
30.78;-29.9143;142.95987367494203;112.76859188765086
30.75;-29.8571;142.95987367494203;112.76859188765086
30.6;-29.6857;142.95987367494203;112.76859188765086
30.59;-29.6286;142.95987367494203;112.76859188765086
30.43;-29.6857;142.95987367494203;112.76859188765086
30.31;-29.5143;142.95987367494203;112.76859188765086
30.27;-29.4;142.95987367494203;112.76859188765086
30.29;-29.4571;142.95987367494203;112.76859188765086
30.28;-29.3714;142.95987367494203;112.76859188765086
30.23;-29.2286;142.95987367494203;112.76859188765086
30.2;-29.3143;142.95987367494203;112.76859188765086
30.09;-29.2;142.95987367494203;112.76859188765086
29.98;-29.0286;142.95987367494203;112.76859188765086
29.8;-28.9429;142.95987367494203;112.76859188765086
29.66;-28.8571;142.95987367494203;112.76859188765086
29.53;-28.6857;142.95987367494203;112.76859188765086
29.53;-28.7143;142.95987367494203;112.76859188765086
29.47;-28.5143;142.95987367494203;112.76859188765086
29.29;-28.4286;142.95987367494203;112.76859188765086
29.27;-28.3429;142.95987367494203;112.76859188765086
29.09;-28.3429;142.95987367494203;112.76859188765086
29.11;-28.3429;142.95987367494203;112.76859188765086
28.99;-28.3429;142.95987367494203;112.76859188765086
28.92;-28.2286;142.95987367494203;112.76859188765086
28.91;-28.0571;142.95987367494203;112.76859188765086
28.87;-27.9714;142.95987367494203;112.76859188765086
28.84;-27.8857;142.95987367494203;112.76859188765086
28.79;-27.8;142.95987367494203;112.76859188765086
28.74;-27.7714;142.95987367494203;112.76859188765086
28.65;-27.8286;142.95987367494203;112.76859188765086
28.71;-27.8286;142.95987367494203;112.76859188765086
28.76;-27.6857;142.95987367494203;112.76859188765086
28.59;-27.7714;142.95987367494203;112.76859188765086
28.46;-27.6571;142.95987367494203;112.76859188765086
28.28;-27.5714;142.95987367494203;112.76859188765086
28.25;-27.4857;142.95987367494203;112.76859188765086
28.35;-27.4;142.95987367494203;112.76859188765086
28.25;-27.4;142.95987367494203;112.76859188765086
28.2;-27.4;142.95987367494203;112.76859188765086
28.14;-27.3429;142.95987367494203;112.76859188765086
28.0;-27.2571;142.95987367494203;112.76859188765086
28.09;-27.2286;142.95987367494203;112.76859188765086
28.02;-27.1143;142.95987367494203;112.76859188765086
28.05;-26.9714;142.95987367494203;112.76859188765086
27.86;-26.9714;142.95987367494203;112.76859188765086
27.82;-26.8571;142.95987367494203;112.76859188765086
27.79;-26.7714;142.95987367494203;112.76859188765086
27.65;-26.6857;142.95987367494203;112.76859188765086
27.64;-26.7429;142.95987367494203;112.76859188765086
27.54;-26.6571;142.95987367494203;112.76859188765086
27.6;-26.5714;142.95987367494203;112.76859188765086
27.44;-26.6;142.95987367494203;112.76859188765086
27.29;-26.4286;142.95987367494203;112.76859188765086
27.35;-26.4286;142.95987367494203;112.76859188765086
27.21;-26.3143;142.95987367494203;112.76859188765086
27.06;-26.3714;142.95987367494203;112.76859188765086
27.07;-26.2571;142.95987367494203;112.76859188765086
27.01;-26.2;142.95987367494203;112.76859188765086
26.9;-26.1143;142.95987367494203;112.76859188765086
26.85;-26.0857;142.95987367494203;112.76859188765086
26.85;-25.8857;142.95987367494203;112.76859188765086
26.83;-25.8286;142.95987367494203;112.76859188765086
26.74;-25.9143;142.95987367494203;112.76859188765086
26.69;-25.8286;142.95987367494203;112.76859188765086
26.61;-25.8286;142.95987367494203;112.76859188765086
26.47;-25.6571;142.95987367494203;112.76859188765086
26.33;-25.5714;142.95987367494203;112.76859188765086
26.32;-25.4;142.95987367494203;112.76859188765086
26.17;-25.3429;142.95987367494203;112.76859188765086
26.11;-25.3143;142.95987367494203;112.76859188765086
26.05;-25.1143;142.95987367494203;112.76859188765086
25.99;-25.0857;142.95987367494203;112.76859188765086
25.97;-24.9714;142.95987367494203;112.76859188765086
25.9;-25.0;142.95987367494203;112.76859188765086
25.76;-24.9429;142.95987367494203;112.76859188765086
25.66;-24.8857;142.95987367494203;112.76859188765086
25.64;-24.6857;142.95987367494203;112.76859188765086
25.5;-24.6857;142.95987367494203;112.76859188765086
25.46;-24.5429;142.95987367494203;112.76859188765086
25.48;-24.5714;142.95987367494203;112.76859188765086
25.45;-24.6;142.95987367494203;112.76859188765086
25.35;-24.5143;142.95987367494203;112.76859188765086
25.26;-24.5429;142.95987367494203;112.76859188765086
25.11;-24.3714;142.95987367494203;112.76859188765086
24.96;-24.2286;142.95987367494203;112.76859188765086
25.03;-24.1429;142.95987367494203;112.76859188765086
24.94;-24.0857;142.95987367494203;112.76859188765086
24.87;-23.9429;142.95987367494203;112.76859188765086
24.79;-23.9143;142.95987367494203;112.76859188765086
24.88;-23.9429;142.95987367494203;112.76859188765086
24.81;-23.9714;142.95987367494203;112.76859188765086
24.88;-23.8857;142.95987367494203;112.76859188765086
24.72;-23.8857;142.95987367494203;112.76859188765086
24.69;-23.7429;142.95987367494203;112.76859188765086
24.45;-23.6571;142.95987367494203;112.76859188765086
24.5;-23.6286;142.95987367494203;112.76859188765086
24.4;-23.6;142.95987367494203;112.76859188765086
24.5;-23.4857;142.95987367494203;112.76859188765086
24.31;-23.3714;142.95987367494203;112.76859188765086
24.3;-23.3714;142.95987367494203;112.76859188765086
24.17;-23.3143;142.95987367494203;112.76859188765086
24.02;-23.1714;142.95987367494203;112.76859188765086
23.97;-23.0571;142.95987367494203;112.76859188765086
24.01;-23.0286;142.95987367494203;112.76859188765086
23.92;-23.0571;142.95987367494203;112.76859188765086
23.98;-22.8857;142.95987367494203;112.76859188765086
23.84;-22.8571;142.95987367494203;112.76859188765086
23.84;-22.9143;142.95987367494203;112.76859188765086
23.74;-22.8286;142.95987367494203;112.76859188765086
23.65;-22.7429;142.95987367494203;112.76859188765086
23.52;-22.6857;142.95987367494203;112.76859188765086
23.38;-22.4857;142.95987367494203;112.76859188765086
23.35;-22.4;142.95987367494203;112.76859188765086
23.34;-22.4286;142.95987367494203;112.76859188765086
23.19;-22.4;142.95987367494203;112.76859188765086
23.2;-22.3714;142.95987367494203;112.76859188765086
23.09;-22.2857;142.95987367494203;112.76859188765086
23.19;-22.2286;142.95987367494203;112.76859188765086
23.06;-22.2286;142.95987367494203;112.76859188765086
23.04;-22.1429;142.95987367494203;112.76859188765086
22.95;-22.1714;142.95987367494203;112.76859188765086
22.93;-22.1143;142.95987367494203;112.76859188765086
22.85;-22.0571;142.95987367494203;112.76859188765086
22.78;-22.0857;142.95987367494203;112.76859188765086
22.74;-21.9714;142.95987367494203;112.76859188765086
22.74;-21.9714;142.95987367494203;112.76859188765086
22.62;-21.8571;142.95987367494203;112.76859188765086
22.6;-21.6857;142.95987367494203;112.76859188765086
22.47;-21.6857;142.95987367494203;112.76859188765086
22.29;-21.6286;142.95987367494203;112.76859188765086
22.33;-21.6857;142.95987367494203;112.76859188765086
22.26;-21.4571;142.95987367494203;112.76859188765086
22.2;-21.4571;142.95987367494203;112.76859188765086
22.26;-21.4286;142.95987367494203;112.76859188765086
22.08;-21.4;142.95987367494203;112.76859188765086
22.03;-21.3143;142.95987367494203;112.76859188765086
22.07;-21.1429;142.95987367494203;112.76859188765086
22.11;-21.1714;142.95987367494203;112.76859188765086
22.01;-21.2286;142.95987367494203;112.76859188765086
21.8;-21.1429;142.95987367494203;112.76859188765086
21.84;-21.0857;142.95987367494203;112.76859188765086
21.84;-21.0286;142.95987367494203;112.76859188765086
21.72;-20.9429;142.95987367494203;112.76859188765086
21.56;-20.8571;142.95987367494203;112.76859188765086
21.53;-20.7714;142.95987367494203;112.76859188765086
21.49;-20.6857;142.95987367494203;112.76859188765086
21.57;-20.6286;142.95987367494203;112.76859188765086
21.46;-20.6286;142.95987367494203;112.76859188765086
21.31;-20.6;142.95987367494203;112.76859188765086
21.32;-20.5714;142.95987367494203;112.76859188765086
21.3;-20.5714;142.95987367494203;112.76859188765086
21.12;-20.4286;142.95987367494203;112.76859188765086
21.0;-20.3429;142.95987367494203;112.76859188765086
20.95;-20.4;142.95987367494203;112.76859188765086
20.94;-20.2286;142.95987367494203;112.76859188765086
20.86;-20.1714;142.95987367494203;112.76859188765086
20.9;-20.0571;142.95987367494203;112.76859188765086
20.78;-20.0857;142.95987367494203;112.76859188765086
20.68;-20.0857;142.95987367494203;112.76859188765086
20.62;-19.9429;142.95987367494203;112.76859188765086
20.62;-19.8;142.95987367494203;112.76859188765086
20.53;-19.8;142.95987367494203;112.76859188765086
20.5;-19.7429;142.95987367494203;112.76859188765086
20.39;-19.6286;142.95987367494203;112.76859188765086
20.28;-19.6;142.95987367494203;112.76859188765086
20.18;-19.5143;142.95987367494203;112.76859188765086
20.13;-19.4286;142.95987367494203;112.76859188765086
20.03;-19.3714;142.95987367494203;112.76859188765086
20.03;-19.3143;142.95987367494203;112.76859188765086
20.05;-19.2571;142.95987367494203;112.76859188765086
20.03;-19.2857;142.95987367494203;112.76859188765086
20.01;-19.2857;142.95987367494203;112.76859188765086
19.92;-19.2571;142.95987367494203;112.76859188765086
19.79;-19.1714;142.95987367494203;112.76859188765086
19.78;-19.1714;142.95987367494203;112.76859188765086
19.81;-19.1429;142.95987367494203;112.76859188765086
19.76;-19.0857;142.95987367494203;112.76859188765086
19.73;-19.0571;142.95987367494203;112.76859188765086
19.67;-18.9714;142.95987367494203;112.76859188765086
19.56;-18.8857;142.95987367494203;112.76859188765086
19.53;-18.8;142.95987367494203;112.76859188765086
19.49;-18.7714;142.95987367494203;112.76859188765086
19.46;-18.6571;142.95987367494203;112.76859188765086
19.37;-18.6286;142.95987367494203;112.76859188765086
19.34;-18.6286;142.95987367494203;112.76859188765086
19.27;-18.5143;142.95987367494203;112.76859188765086
19.19;-18.4571;142.95987367494203;112.76859188765086
19.18;-18.4571;142.95987367494203;112.76859188765086
19.07;-18.4286;142.95987367494203;112.76859188765086
18.97;-18.3714;142.95987367494203;112.76859188765086
18.94;-18.3429;142.95987367494203;112.76859188765086
18.93;-18.2571;142.95987367494203;112.76859188765086
18.9;-18.2286;142.95987367494203;112.76859188765086
18.89;-18.1429;142.95987367494203;112.76859188765086
18.77;-18.1143;142.95987367494203;112.76859188765086
18.72;-17.9429;142.95987367494203;112.76859188765086
18.65;-17.9714;142.95987367494203;112.76859188765086
18.56;-17.9143;142.95987367494203;112.76859188765086
18.46;-17.8857;142.95987367494203;112.76859188765086
18.38;-17.8;142.95987367494203;112.76859188765086
18.37;-17.8;142.95987367494203;112.76859188765086
18.31;-17.7143;142.95987367494203;112.76859188765086
18.29;-17.6571;142.95987367494203;112.76859188765086
18.28;-17.5714;142.95987367494203;112.76859188765086
18.25;-17.5714;142.95987367494203;112.76859188765086
18.26;-17.5429;142.95987367494203;112.76859188765086
18.18;-17.5429;142.95987367494203;112.76859188765086
18.15;-17.4857;142.95987367494203;112.76859188765086
18.06;-17.4;142.95987367494203;112.76859188765086
17.95;-17.3429;142.95987367494203;112.76859188765086
17.85;-17.2571;142.95987367494203;112.76859188765086
17.79;-17.2;142.95987367494203;112.76859188765086
17.69;-17.1429;142.95987367494203;112.76859188765086
17.72;-17.0;142.95987367494203;112.76859188765086
17.71;-16.9429;142.95987367494203;112.76859188765086
17.62;-16.9714;142.95987367494203;112.76859188765086
17.52;-16.9143;142.95987367494203;112.76859188765086
17.54;-16.8857;142.95987367494203;112.76859188765086
17.45;-16.7714;142.95987367494203;112.76859188765086
17.45;-16.8;142.95987367494203;112.76859188765086
17.43;-16.7714;142.95987367494203;112.76859188765086
17.41;-16.6571;142.95987367494203;112.76859188765086
17.3;-16.6857;142.95987367494203;112.76859188765086
17.26;-16.6;142.95987367494203;112.76859188765086
17.17;-16.5714;142.95987367494203;112.76859188765086
17.09;-16.4857;142.95987367494203;112.76859188765086
17.11;-16.4571;142.95987367494203;112.76859188765086
17.02;-16.4;142.95987367494203;112.76859188765086
16.94;-16.3143;142.95987367494203;112.76859188765086
16.85;-16.2571;142.95987367494203;112.76859188765086
16.79;-16.1143;142.95987367494203;112.76859188765086
16.74;-16.1143;142.95987367494203;112.76859188765086
16.7;-16.0286;142.95987367494203;112.76859188765086
16.62;-15.9714;142.95987367494203;112.76859188765086
16.47;-15.9143;142.95987367494203;112.76859188765086
16.5;-15.8571;142.95987367494203;112.76859188765086
16.41;-15.7429;142.95987367494203;112.76859188765086
16.33;-15.7143;142.95987367494203;112.76859188765086
16.34;-15.6286;142.95987367494203;112.76859188765086
16.22;-15.6286;142.95987367494203;112.76859188765086
16.18;-15.5714;142.95987367494203;112.76859188765086
16.09;-15.5143;142.95987367494203;112.76859188765086
16.07;-15.4571;142.95987367494203;112.76859188765086
16.03;-15.4;142.95987367494203;112.76859188765086
16.0;-15.4;142.95987367494203;112.76859188765086
15.89;-15.2571;142.95987367494203;112.76859188765086
15.8;-15.2286;142.95987367494203;112.76859188765086
15.74;-15.1714;142.95987367494203;112.76859188765086
15.72;-15.1143;142.95987367494203;112.76859188765086
15.6;-15.0;142.95987367494203;112.76859188765086
15.55;-14.9143;142.95987367494203;112.76859188765086
15.5;-14.9143;142.95987367494203;112.76859188765086
15.53;-14.8286;142.95987367494203;112.76859188765086
15.4;-14.7143;142.95987367494203;112.76859188765086
15.37;-14.6857;142.95987367494203;112.76859188765086
15.29;-14.6571;142.95987367494203;112.76859188765086
15.27;-14.6857;142.95987367494203;112.76859188765086
15.15;-14.6;142.95987367494203;112.76859188765086
15.11;-14.5429;142.95987367494203;112.76859188765086
15.06;-14.4857;142.95987367494203;112.76859188765086
14.98;-14.4;142.95987367494203;112.76859188765086
14.92;-14.3429;142.95987367494203;112.76859188765086
14.9;-14.2857;142.95987367494203;112.76859188765086
14.79;-14.2;142.95987367494203;112.76859188765086
14.76;-14.1429;142.95987367494203;112.76859188765086
14.69;-14.1714;142.95987367494203;112.76859188765086
14.68;-14.1143;142.95987367494203;112.76859188765086
14.63;-14.0286;142.95987367494203;112.76859188765086
14.6;-14.0;142.95987367494203;112.76859188765086
14.57;-13.9714;142.95987367494203;112.76859188765086
14.51;-13.9429;142.95987367494203;112.76859188765086
14.43;-13.8857;142.95987367494203;112.76859188765086
14.38;-13.7714;142.95987367494203;112.76859188765086
14.36;-13.8;142.95987367494203;112.76859188765086
14.33;-13.8;142.95987367494203;112.76859188765086
14.3;-13.7429;142.95987367494203;112.76859188765086
14.27;-13.7143;142.95987367494203;112.76859188765086
14.2;-13.6286;142.95987367494203;112.76859188765086
14.11;-13.5714;142.95987367494203;112.76859188765086
14.08;-13.4857;142.95987367494203;112.76859188765086
14.01;-13.4857;142.95987367494203;112.76859188765086
14.0;-13.4857;142.95987367494203;112.76859188765086
13.99;-13.4286;142.95987367494203;112.76859188765086
13.9;-13.3714;142.95987367494203;112.76859188765086
13.87;-13.2571;142.95987367494203;112.76859188765086
13.8;-13.2286;142.95987367494203;112.76859188765086
13.73;-13.1143;142.95987367494203;112.76859188765086
13.7;-13.1143;142.95987367494203;112.76859188765086
13.61;-13.0571;142.95987367494203;112.76859188765086
13.58;-12.9429;142.95987367494203;112.76859188765086
13.55;-12.9143;142.95987367494203;112.76859188765086
13.51;-13.0;142.95987367494203;112.76859188765086
13.47;-12.8857;142.95987367494203;112.76859188765086
13.42;-12.8857;142.95987367494203;112.76859188765086
13.33;-12.8;142.95987367494203;112.76859188765086
13.3;-12.7429;142.95987367494203;112.76859188765086
13.24;-12.7143;142.95987367494203;112.76859188765086
13.21;-12.7143;142.95987367494203;112.76859188765086
13.17;-12.6857;142.95987367494203;112.76859188765086
13.16;-12.6286;142.95987367494203;112.76859188765086
13.11;-12.5429;142.95987367494203;112.76859188765086
13.07;-12.5143;142.95987367494203;112.76859188765086
12.98;-12.4286;142.95987367494203;112.76859188765086
12.9;-12.3714;142.95987367494203;112.76859188765086
12.85;-12.3714;142.95987367494203;112.76859188765086
12.79;-12.3143;142.95987367494203;112.76859188765086
12.74;-12.2286;142.95987367494203;112.76859188765086
12.71;-12.1429;142.95987367494203;112.76859188765086
12.65;-12.1429;142.95987367494203;112.76859188765086
12.63;-12.0857;142.95987367494203;112.76859188765086
12.6;-12.0857;142.95987367494203;112.76859188765086
12.57;-12.0571;142.95987367494203;112.76859188765086
12.56;-12.0;142.95987367494203;112.76859188765086
12.52;-11.9714;142.95987367494203;112.76859188765086
12.46;-11.9714;142.95987367494203;112.76859188765086
12.39;-11.9714;142.95987367494203;112.76859188765086
12.35;-11.8857;142.95987367494203;112.76859188765086
12.29;-11.8286;142.95987367494203;112.76859188765086
12.25;-11.7429;142.95987367494203;112.76859188765086
12.2;-11.6857;142.95987367494203;112.76859188765086
12.14;-11.6;142.95987367494203;112.76859188765086
12.08;-11.5714;142.95987367494203;112.76859188765086
12.03;-11.5429;142.95987367494203;112.76859188765086
11.98;-11.4857;142.95987367494203;112.76859188765086
11.92;-11.4571;142.95987367494203;112.76859188765086
11.92;-11.4286;142.95987367494203;112.76859188765086
11.89;-11.4286;142.95987367494203;112.76859188765086
11.85;-11.3429;142.95987367494203;112.76859188765086
11.76;-11.3143;142.95987367494203;112.76859188765086
11.75;-11.2286;142.95987367494203;112.76859188765086
11.67;-11.1714;142.95987367494203;112.76859188765086
11.62;-11.1143;142.95987367494203;112.76859188765086
11.59;-11.0286;142.95987367494203;112.76859188765086
11.53;-11.0571;142.95987367494203;112.76859188765086
11.48;-10.9714;142.95987367494203;112.76859188765086
11.42;-10.9429;142.95987367494203;112.76859188765086
11.37;-10.9429;142.95987367494203;112.76859188765086
11.37;-10.8286;142.95987367494203;112.76859188765086
11.32;-10.8286;142.95987367494203;112.76859188765086
11.29;-10.8;142.95987367494203;112.76859188765086
11.2;-10.6286;142.95987367494203;112.76859188765086
11.21;-10.7143;142.95987367494203;112.76859188765086
11.13;-10.6857;142.95987367494203;112.76859188765086
11.07;-10.6;142.95987367494203;112.76859188765086
11.05;-10.5429;142.95987367494203;112.76859188765086
11.02;-10.5429;142.95987367494203;112.76859188765086
10.95;-10.4571;142.95987367494203;112.76859188765086
10.88;-10.4571;142.95987367494203;112.76859188765086
10.84;-10.3429;142.95987367494203;112.76859188765086
10.8;-10.2857;142.95987367494203;112.76859188765086
10.72;-10.2;142.95987367494203;112.76859188765086
10.68;-10.2;142.95987367494203;112.76859188765086
10.65;-10.1429;142.95987367494203;112.76859188765086
10.59;-10.1429;142.95987367494203;112.76859188765086
10.55;-10.0;142.95987367494203;112.76859188765086
10.53;-10.0571;142.95987367494203;112.76859188765086
10.49;-10.0286;142.95987367494203;112.76859188765086
10.44;-9.9714;142.95987367494203;112.76859188765086
10.39;-9.9429;142.95987367494203;112.76859188765086
10.37;-9.9143;142.95987367494203;112.76859188765086
10.31;-9.8;142.95987367494203;112.76859188765086
10.28;-9.7714;142.95987367494203;112.76859188765086
10.22;-9.7714;142.95987367494203;112.76859188765086
10.22;-9.7714;142.95987367494203;112.76859188765086
10.14;-9.6857;142.95987367494203;112.76859188765086
10.1;-9.6286;142.95987367494203;112.76859188765086
10.05;-9.6286;142.95987367494203;112.76859188765086
10.02;-9.6;142.95987367494203;112.76859188765086
9.98;-9.5143;142.95987367494203;112.76859188765086
9.95;-9.5143;142.95987367494203;112.76859188765086
9.89;-9.4571;142.95987367494203;112.76859188765086
9.85;-9.4;142.95987367494203;112.76859188765086
9.82;-9.4;142.95987367494203;112.76859188765086
9.77;-9.3429;142.95987367494203;112.76859188765086
9.72;-9.3429;142.95987367494203;112.76859188765086
9.69;-9.2571;142.95987367494203;112.76859188765086
9.63;-9.2;142.95987367494203;112.76859188765086
9.58;-9.1429;142.95987367494203;112.76859188765086
9.54;-9.0857;142.95987367494203;112.76859188765086
9.47;-9.0857;142.95987367494203;112.76859188765086
9.42;-9.0286;142.95987367494203;112.76859188765086
9.4;-8.9429;142.95987367494203;112.76859188765086
9.34;-8.9429;142.95987367494203;112.76859188765086
9.3;-8.8857;142.95987367494203;112.76859188765086
9.26;-8.8571;142.95987367494203;112.76859188765086
9.19;-8.8;142.95987367494203;112.76859188765086
9.16;-8.8;142.95987367494203;112.76859188765086
9.12;-8.7143;142.95987367494203;112.76859188765086
9.07;-8.6857;142.95987367494203;112.76859188765086
9.05;-8.6286;142.95987367494203;112.76859188765086
9.01;-8.6286;142.95987367494203;112.76859188765086
8.99;-8.5714;142.95987367494203;112.76859188765086
8.93;-8.4857;142.95987367494203;112.76859188765086
8.88;-8.5143;142.95987367494203;112.76859188765086
8.82;-8.4286;142.95987367494203;112.76859188765086
8.79;-8.4;142.95987367494203;112.76859188765086
8.76;-8.3714;142.95987367494203;112.76859188765086
8.72;-8.3429;142.95987367494203;112.76859188765086
8.67;-8.3429;142.95987367494203;112.76859188765086
8.65;-8.2571;142.95987367494203;112.76859188765086
8.6;-8.1714;142.95987367494203;112.76859188765086
8.56;-8.1429;142.95987367494203;112.76859188765086
8.5;-8.0857;142.95987367494203;112.76859188765086
8.42;-8.0571;142.95987367494203;112.76859188765086
8.39;-8.0286;142.95987367494203;112.76859188765086
8.33;-7.9714;142.95987367494203;112.76859188765086
8.27;-7.9143;142.95987367494203;112.76859188765086
8.2;-7.8286;142.95987367494203;112.76859188765086
8.19;-7.8286;142.95987367494203;112.76859188765086
8.15;-7.8;142.95987367494203;112.76859188765086
8.11;-7.7714;142.95987367494203;112.76859188765086
8.1;-7.7429;142.95987367494203;112.76859188765086
8.07;-7.7714;142.95987367494203;112.76859188765086
8.01;-7.6857;142.95987367494203;112.76859188765086
7.99;-7.6571;142.95987367494203;112.76859188765086
7.92;-7.6286;142.95987367494203;112.76859188765086
7.91;-7.5714;142.95987367494203;112.76859188765086
7.84;-7.5429;142.95987367494203;112.76859188765086
7.8;-7.4571;142.95987367494203;112.76859188765086
7.75;-7.4;142.95987367494203;112.76859188765086
7.68;-7.3429;142.95987367494203;112.76859188765086
7.65;-7.3143;142.95987367494203;112.76859188765086
7.61;-7.2571;142.95987367494203;112.76859188765086
7.56;-7.2;142.95987367494203;112.76859188765086
7.54;-7.1429;142.95987367494203;112.76859188765086
7.5;-7.1429;142.95987367494203;112.76859188765086
7.47;-7.1429;142.95987367494203;112.76859188765086
7.42;-7.0857;142.95987367494203;112.76859188765086
7.37;-7.0;142.95987367494203;112.76859188765086
7.3;-7.0286;142.95987367494203;112.76859188765086
7.26;-6.9429;142.95987367494203;112.76859188765086
7.25;-6.8571;142.95987367494203;112.76859188765086
7.19;-6.8857;142.95987367494203;112.76859188765086
7.14;-6.8;142.95987367494203;112.76859188765086
7.12;-6.8;142.95987367494203;112.76859188765086
7.09;-6.7714;142.95987367494203;112.76859188765086
7.06;-6.7429;142.95987367494203;112.76859188765086
7.01;-6.7143;142.95987367494203;112.76859188765086
6.99;-6.6571;142.95987367494203;112.76859188765086
6.96;-6.6;142.95987367494203;112.76859188765086
6.92;-6.6286;142.95987367494203;112.76859188765086
6.9;-6.5714;142.95987367494203;112.76859188765086
6.86;-6.5714;142.95987367494203;112.76859188765086
6.82;-6.4857;142.95987367494203;112.76859188765086
6.77;-6.4857;142.95987367494203;112.76859188765086
6.73;-6.4286;142.95987367494203;112.76859188765086
6.73;-6.4;142.95987367494203;112.76859188765086
6.66;-6.3429;142.95987367494203;112.76859188765086
6.62;-6.2857;142.95987367494203;112.76859188765086
6.59;-6.2286;142.95987367494203;112.76859188765086
6.56;-6.2286;142.95987367494203;112.76859188765086
6.5;-6.1714;142.95987367494203;112.76859188765086
6.47;-6.1429;142.95987367494203;112.76859188765086
6.44;-6.0857;142.95987367494203;112.76859188765086
6.41;-6.0571;142.95987367494203;112.76859188765086
6.38;-6.0286;142.95987367494203;112.76859188765086
6.34;-6.0286;142.95987367494203;112.76859188765086
6.29;-6.0;142.95987367494203;112.76859188765086
6.25;-5.8857;142.95987367494203;112.76859188765086
6.22;-5.9429;142.95987367494203;112.76859188765086
6.18;-5.8857;142.95987367494203;112.76859188765086
6.16;-5.8571;142.95987367494203;112.76859188765086
6.11;-5.7714;142.95987367494203;112.76859188765086
6.07;-5.7714;142.95987367494203;112.76859188765086
6.06;-5.7429;142.95987367494203;112.76859188765086
6.01;-5.6857;142.95987367494203;112.76859188765086
5.99;-5.6571;142.95987367494203;112.76859188765086
5.94;-5.6857;142.95987367494203;112.76859188765086
5.92;-5.6286;142.95987367494203;112.76859188765086
5.89;-5.5429;142.95987367494203;112.76859188765086
5.85;-5.5714;142.95987367494203;112.76859188765086
5.81;-5.5143;142.95987367494203;112.76859188765086
5.78;-5.4286;142.95987367494203;112.76859188765086
5.75;-5.4286;142.95987367494203;112.76859188765086
5.71;-5.4;142.95987367494203;112.76859188765086
5.68;-5.3714;142.95987367494203;112.76859188765086
5.63;-5.2857;142.95987367494203;112.76859188765086
5.57;-5.2571;142.95987367494203;112.76859188765086
5.52;-5.2286;142.95987367494203;112.76859188765086
5.47;-5.1429;142.95987367494203;112.76859188765086
5.42;-5.1143;142.95987367494203;112.76859188765086
5.36;-5.0571;142.95987367494203;112.76859188765086
5.32;-5.0286;142.95987367494203;112.76859188765086
5.25;-4.9429;142.95987367494203;112.76859188765086
5.18;-4.8571;142.95987367494203;112.76859188765086
5.1;-4.8;142.95987367494203;112.76859188765086
5.01;-4.7429;142.95987367494203;112.76859188765086
4.92;-4.6;142.95987367494203;112.76859188765086
4.83;-4.5143;142.95987367494203;112.76859188765086
4.69;-4.3429;142.95987367494203;112.76859188765086
4.58;-4.2;142.95987367494203;112.76859188765086
4.41;-4.0857;142.95987367494203;112.76859188765086
4.26;-3.9143;142.95987367494203;112.76859188765086
4.09;-3.7143;142.95987367494203;112.76859188765086
3.87;-3.4;142.95987367494203;112.76859188765086
3.64;-3.2;142.95987367494203;112.76859188765086
3.4;-2.8571;142.95987367494203;112.76859188765086
3.08;-2.4857;142.95987367494203;112.76859188765086
2.74;-2.0;142.95987367494203;112.76859188765086
2.37;-1.4286;142.95987367494203;112.76859188765086
1.95;-0.6571;142.95987367494203;112.76859188765086
1.48;0.0857;142.95987367494203;112.76859188765086
1.03;0.8857;142.95987367494203;112.76859188765086
0.63;1.5714;142.95987367494203;112.76859188765086
0.42;2.1143;142.95987367494203;112.76859188765086
0.58;2.6;142.95987367494203;112.76859188765086
1.06;3.0286;142.95987367494203;112.76859188765086
1.68;3.5429;142.95987367494203;112.76859188765086
2.37;4.0;142.95987367494203;112.76859188765086
3.16;4.5143;142.95987367494203;112.76859188765086
3.97;5.0286;142.95987367494203;112.76859188765086
4.83;5.5714;142.95987367494203;112.76859188765086
5.68;6.2;142.95987367494203;112.76859188765086
6.51;6.8857;142.95987367494203;112.76859188765086
7.3;7.6571;142.95987367494203;112.76859188765086
8.11;8.3714;142.95987367494203;112.76859188765086
8.98;9.1429;142.95987367494203;112.76859188765086
9.89;9.9429;142.95987367494203;112.76859188765086
10.75;10.8;142.95987367494203;112.76859188765086
11.67;11.6857;142.95987367494203;112.76859188765086
12.61;12.6571;142.95987367494203;112.76859188765086
13.55;13.4857;142.95987367494203;112.76859188765086
14.56;14.4;142.95987367494203;112.76859188765086
15.53;15.2857;142.95987367494203;112.76859188765086
16.45;16.3143;142.95987367494203;112.76859188765086
17.39;17.0857;142.95987367494203;112.76859188765086
18.33;18.0857;142.95987367494203;112.76859188765086
19.26;18.8857;142.95987367494203;112.76859188765086
20.16;19.8286;142.95987367494203;112.76859188765086
21.18;20.6;142.95987367494203;112.76859188765086
22.15;21.5143;142.95987367494203;112.76859188765086
23.03;22.3714;142.95987367494203;112.76859188765086
24.14;23.2571;142.95987367494203;112.76859188765086
25.17;24.2571;142.95987367494203;112.76859188765086
26.05;25.0857;142.95987367494203;112.76859188765086
26.96;25.8571;142.95987367494203;112.76859188765086
27.89;26.5429;142.95987367494203;112.76859188765086
28.74;27.5143;142.95987367494203;112.76859188765086
29.74;28.4;142.95987367494203;112.76859188765086
30.54;29.1714;142.95987367494203;112.76859188765086
31.46;29.8857;142.95987367494203;112.76859188765086
32.36;30.9143;142.95987367494203;112.76859188765086
33.23;31.8286;142.95987367494203;112.76859188765086
34.15;32.5714;142.95987367494203;112.76859188765086
35.05;33.3429;142.95987367494203;112.76859188765086
35.97;34.0857;142.95987367494203;112.76859188765086
36.74;34.9714;142.95987367494203;112.76859188765086
37.53;35.6;142.95987367494203;112.76859188765086
38.3;36.2571;142.95987367494203;112.76859188765086
39.05;37.0286;142.95987367494203;112.76859188765086
39.82;37.6571;142.95987367494203;112.76859188765086
40.57;38.5143;142.95987367494203;112.76859188765086
41.2;39.2857;142.95987367494203;112.76859188765086
41.86;40.0;142.95987367494203;112.76859188765086
42.66;40.7143;142.95987367494203;112.76859188765086
43.25;41.4;142.95987367494203;112.76859188765086
43.93;41.9714;142.95987367494203;112.76859188765086
44.7;42.5714;142.95987367494203;112.76859188765086
45.71;43.4571;142.95987367494203;112.76859188765086
46.29;44.5143;142.95987367494203;112.76859188765086
46.88;45.0;142.95987367494203;112.76859188765086
47.82;45.8571;142.95987367494203;112.76859188765086
48.6;46.6571;142.95987367494203;112.76859188765086
49.14;47.2857;142.95987367494203;112.76859188765086
49.87;47.8571;142.95987367494203;112.76859188765086
50.78;48.4286;142.95987367494203;112.76859188765086
51.78;49.0857;142.95987367494203;112.76859188765086
52.26;50.0857;142.95987367494203;112.76859188765086
52.79;50.4571;142.95987367494203;112.76859188765086
53.39;51.0;142.95987367494203;112.76859188765086
54.03;51.3429;142.95987367494203;112.76859188765086
54.65;52.6286;142.95987367494203;112.76859188765086
55.29;53.1714;142.95987367494203;112.76859188765086
55.98;54.0857;142.95987367494203;112.76859188765086
56.66;54.9714;142.95987367494203;112.76859188765086
57.74;55.4857;142.95987367494203;112.76859188765086
58.15;56.0571;142.95987367494203;112.76859188765086
58.91;56.3429;142.95987367494203;112.76859188765086
59.52;56.9714;142.95987367494203;112.76859188765086
60.03;57.8571;142.95987367494203;112.76859188765086
60.98;57.9714;142.95987367494203;112.76859188765086
61.65;59.1714;142.95987367494203;112.76859188765086
62.38;59.9714;142.95987367494203;112.76859188765086
62.93;60.2857;142.95987367494203;112.76859188765086
63.59;61.3714;142.95987367494203;112.76859188765086
64.12;61.9143;142.95987367494203;112.76859188765086
64.67;62.6;142.95987367494203;112.76859188765086
